ISBN,QTY,MRP Final,Name
9781406382877,5,599,Things That I Love About Trees
9780241205877,3,1199,Paper Craft
9780143458203,8,250,How To Be Happy With Who You Are
9781668091722,1,1499,The High-protein Plate 100 Satisfying Everyday Recipes
9780670099573,1,1999,The Nepal Cookbook108 Regional Recipes
9781761501265,1,1999,You Are Welcome A Baking Celebration With A Southeast Asian Twist
9780143479055,1,5999,"The Orissan 2500 Years Of Odishas Culinary Heritage Rooted In Temple Traditions, Culture And Authentic Recipes"
9780241666630,1,2199,"The Food Book The Stories, Science, And History Of What We Eat"
9788193704967,2,2495,Tiffin 500 Authentic Recipes Celebrating Indias Regional Cui
9781408890677,2,1799,Dishoom (hb)
9781837290642,2,3995,Classic Indian Recipes
9788199119697,1,3500,Chutney A Compendium Of Stories And Recipes
9789370899483,1,899,Plant-based India Nourishing Recipes Rooted In Tradition
9780143481805,1,2499,Memories On A Platter My Fusion Cookbook
9780143479055,1,5999,"The Orissan 2500 Years Of Odishas Culinary Heritage Rooted In Temple Traditions, Culture And Authentic Recipes"
9781584658351,2,2999,The Kosher Baker Over 160 Dairy Free Recipes From Traditional To Trendy (hbi Series On Jewish Women)
9781646432400,1,4500,"Italy The Ultimate Cookbook (italian Cookbook, Authentic Italian Recipes, Pasta)"
9780143481805,2,2499,Memories On A Platter My Fusion Cookbook
9781445452319,2,1899,Grandmass Best Recipes
9781984860705,1,2499,"Masala Recipes From India, The Land Of Spices [a Cookbook]"
9781838666798,1,4703,Classic French Recipes
9789370032057,1,2500,Tradition To Table Taj Chefs Mothers Recipes Eternal Charam Of Ma Ki Roti
9789392130427,1,1995,India Local Classic Street Food Recipes
9781838660567,1,4703,Irish Cook Book (hb)
9781785031168,1,1999,Ottolenghi Simple (hb)
9789349474673,1,1995,Mithai Indian Sweets Made Easy
9789351941880,1,5995,Dining With The Nawabs
9780062896261,1,1999,The Annotated American Gods
9780811866996,2,1150,"Rum Drinks 50 Caribbean Cocktails, From Cuba Libre To Rum Daisy"
9781838612092,3,1299,The Dry Bar Over 60 Recipes For Zero-proof Craft Cocktails
9780811874540,1,899,Whoopie Pies (cookery)
9781445480428,2,2699,"1001 Cupcakes, Cookies & Other Tempting Treats"
9781419755514,1,4250,"Home Made Basics Simple Recipes, Made From Scrat Simple Recipes, Made From Scratch"
9781472364166,1,2999,"A Year Full Of Recipes 365 Recipes, One For Every Day Of The Year Plus 1 For A Leap Year"
9781472140531,1,795,101 Award-winning Cocktails From The Worlds Best Bartenders
9781529148145,1,2499,Ammu Indian Home-cooking To Nourish Your Soul
9780670092178,2,999,The Book Of Dals
9780711276857,1,2499,Eat The Rainbow Vegan Recipes Made With Love From Bos Kitchen
9789363363199,2,699,In The Beginning There Was Bombay Duck A Food History Of Mumbai
9780744060805,1,1499,Guga Breaking The Barbecue Rules
9780714871301,1,3127,Middle Eastern Vegetarian Cookbook (hb)
9781787131248,1,1599,Vegan 100 Over 100 Incredible Recipes From Avant-garde Vegan
9789349474826,1,2995,Harmony Essential Ayurveda For All
9780008743062,2,1599,The Ramadan Kitchen Nourishing Recipes From Fast To Feast
9788183862127,1,999,The Lucknow Kayastha Cookbook
9781785942808,1,2450,The Big Family Cooking Showdown All The Best Recipes From The Bbc Series
9781452170992,1,1299,The Vibrant Life
9789354478086,1,699,From The Kings Table To Street Food A Food History Of Delhi
9783848009374,2,2150,Green Juices For Beginners A One-stop Guide To Cleansing Your Body
9789388322416,1,499,Daastan E Dastarkhan
9781409171447,2,1899,Weligama
9789059960657,5,2000,#N/A
9780785841647,2,1499,Adaptogens
9781788791519,1,2050,Bronte At Home Baking From The Scandikitchen
9781911026785,1,2199,The Beer Lovers Table Seasonal Recipes And Modern Beer Pairings
9781408883846,1,2099,Zaitoun Recipes And Stories From The Palestinian Kitchen
9781579654139,1,3499,Burma Rivers Of Flavor
9781526664952,1,1999,Sabzi Fresh Vegetarian Recipes For Everyday
9781761501272,1,1999,Complete Bbq Made Easy Family-friendly Bbq Classics
9781787132498,1,2050,Pleesecakes 60 Awesome No-bake Cheesecake Recipes
9781909342620,1,2499,Thinking Drinkers The Enlightened Imbibera€™s Guide To Alcohol
9781787137028,2,1650,Vegan Roasting Pan
9781743798843,1,3199,Sustain
9781773270357,2,2999,Seattle Cooks Signature Recipes From The Citys Best Chefs And Bartenders
9781838662516,1,3127,The Arabesque Table Contemporary Recipes From The Arab World
9780761193036,1,1499,"Cooking With Scraps Turn Your Peels, Cores, Rinds, And Stems Into Delicious Meals"
9781911216186,1,2250,What To Eat And How To Eat It 99 Super Ingredients For A Healthy Life
9781529946550,1,2499,Turkuaz Kitchen Comforting Recipes For Delicious Sweet & Savoury Bakes
9780143476788,1,999,Stories From A Kargili Kitchen
9781925811438,1,1850,"High Tea Cannabis Cakes, Tarts And Bakes"
9780711276857,1,2499,Eat The Rainbow Vegan Recipes Made With Love From Bos Kitchen
9781788791519,1,2050,Bronte At Home Baking From The Scandikitchen
9780751562309,1,1999,Thug Kitchen 101
9780751581362,1,2199,"Bad Manners Untitled 5 Plant-based Meals To Live By, Flavour To Die For"
9781473678569,1,1799,Khazana (hb)
9781419758522,1,2589,Cure New Orleans Drinks And How To Mix Em From The Award-winning Bar
9781761501128,1,1999,Eat Like A Sardinian Live To 100
9781785042195,2,799,Hold On To Your Kids
9781473658226,1,999,The Craft
9780715655191,1,899,The Possibility Of Life Searching For Kinship In The Cosmos
9780753559178,1,799,Material World
9781805225690,1,499,Psycho-cybernetics 365 Thrive And Grow Every Day Of The Year
9780571374175,1,599,Why We Remember Revealing The Hidden Power Of Memory
9781785781919,1,799,Eureka! The Birth Of Science
9781474604253,1,999,Connectography Mapping The Global Network Revolution
9781405952835,1,850,Unnatural Causes
9780241289129,1,699,Bredth
9781785042225,1,799,When The Body Says No
9780374533403,1,999,The Spirit Catches You And You Fall Down
9781473695993,1,499,Brief Answers To The Big Questions
9781529997132,2,999,Take Me To Your Leader Perspectives On Your First Alien Encounter
9789393986429,1,799,Lost Paradise Selected Ghazals Of Muneer Niazi
9780143104094,1,499,India Since Independence
9780143133926,1,999,Tales Of Two Planets
9781982144227,1,899,The Movement How Womens Liberation Transformed America 1963-1973
9789365699562,1,999,The Emperor Of All Maladies A Biography Of Cancer
9780241618837,1,1099,"When Everyone Knows That Everyone Knows Common Knowledge And The Science Of Harmony, Hypocrisy And Outrage"
9781806491896,1,799,The Age Of Alchemy How Early Innovators Shaped Modern Chemistry
9780241813690,2,1099,A World Appears A Journey Into Consciousness
9781398539990,2,899,Brief History Of The Universe (and Our Place In It)
9781787333253,1,999,"The Genius Myth The Dangerous Allure Of Rebels, Monsters And Rule-breakers"
9789365699562,1,999,The Emperor Of All Maladies A Biography Of Cancer
9780552777599,1,999,Erwin Schrodinger And The Quantum Revolution
9781786491442,1,799,Rise Of The Outsiders
9781471179389,1,999,Einstein
9781529931716,1,799,Alive An Alternative Anatomy
9781848310353,1,999,Quantum
9781785782275,1,699,Sex Botany And Empire
9781529381955,1,699,Machines That Think
9780141044248,1,699,Physics Of The Future
9781802060782,1,999,Collapse How Societies Choose To Fail Or Survive
9781786483706,1,699,The Ultimate Universe How The Stars Are Closer Than You Think
9781405952835,1,850,Unnatural Causes
9780349107035,1,599,Cosmos
9780099913801,1,799,Rise And Fall Of The Third Chimpanzee
9781529381986,1,799,This Is Planet Earth Your Ultimate Guide To The World We Call Home (new Scientist Instant Expert)
9781789293203,1,799,Everything That Makes Us Humna
9781782276142,1,399,When We Cease To Understand The World
9781785782053,1,695,Atom
9781785782695,1,699,Moving Heaven And Earth
9781399804691,1,1099,Next To Nature A Lifetime In The English Countryside
9781035431007,1,699,Snafu
9780349104522,1,699,Man Who Knew Infinity
9781788164290,2,699,Artists Way
9780670094752,2,699,"These Seats Are Reserved Caste, Quotas And The Constitution Of India"
9780670095490,1,799,Competing Nationalisms The Sacred And Political Life Of Jagat Narain Lal
9789356290044,1,799,Reform Nation
9789356295940,1,599,Revolutionaries The Other Story Of How India Won Its Freedom
9780143459828,1,599,In Service Of The Republic The Art And Science Of Economic Policy
9780140271713,1,399,Other Side Of Silence
9781781256855,2,899,Age Of Surveillance Capitalism
9781399804691,1,1099,Next To Nature A Lifetime In The English Countryside
9781526622556,1,699,The Earth Transformed An Untold History
9781849012997,1,999,A Brife History Of The Third Reich
9780330418799,1,550,Travels Of Ibn Battutah
9781472271136,1,999,Black Wave
9789361133282,1,599,The Shortest History Of Scandinavia (the Shortest History Series)
9781473658226,1,999,The Craft
9781780229089,1,799,Book Of Humans
9780007225743,1,899,Information 4th Ed
9781838959708,1,899,American Prometheus The Triumph And Tragedy Of J. Robert Oppenheimer
9781471160172,1,899,Infidel My Life
9780753558126,1,799,The Prosecutor One Mans Battle To Bring Nazis To Justice
9780141031231,1,899,Israel Lobby And Usforeign Policy
9781781259344,1,599,The Hundred Years War On Palestine
9781529386172,2,699,If Then
9781783968930,2,999,Chokepoints How Economic Warfare Is Changing The World
9781862077553,1,799,Desperately Seeking Paradise Journeys Of A Sceptical Muslim
9780349122380,1,799,Ashoka
9780143451112,1,399,Indias Most Fearless 3
9780553814989,1,999,Genghis Khan
9789353458621,1,599,India And The Bangladesh Liberation War
9780349139890,1,799,The Riviera Set
9781804944257,2,699,The Greatest Nobodies Of History
9781839764912,2,1099,Planet On Fire A Manifesto For The Age Of Environmental Breakdown
9780241991039,1,999,End Of History And The Last Man
9781911445128,1,1099,Military Memoirs Of A Confederate A Critical Narrative
9781399811767,1,899,The Once And Future World Order Why Global Civilization Will Survive The Decline Of The West
9780349142395,1,1150,Gibraltar The Greatest Siege In British History
9781806491506,1,599,From Life Itself Turkey And Istanbul In The Age Of Erdogan
9781529933611,1,799,Nexus A Brief History Of Information Networks From The Stone Age To Ai
9780099173311,1,699,Surely You Are Jocking Mr Feynman
9789361133596,1,599,The Shortest History Of Migration
9788119300501,1,599,The Shortest History Of Israel And Palestine From Zionism To Intifadas And The Struggle For Peace
9789390742707,1,599,The Shortest History Of The Soviet Union
9789361139918,1,599,The Shortest History Of Innovation
9789390742868,1,499,The Shortest History Of Democracy
9789390742608,1,599,The Shortest History Of India
9789395624879,1,599,The Shortest History Of War
9789395624503,1,499,The Shortest History Of The Universe
9789361130953,1,599,The Shortest History Of Ai
9789361133497,1,599,The Shortest History Of Turkey (the Shortest History Series)
9789361132476,1,599,The Shortest History Of Ancient Rome
9789361133237,1,599,The Shortest History Of Japan
9789361133169,1,599,The Shortest History Of Music
9789390742059,1,599,The Shortest History Of China
9789395624800,1,599,The Shortest History Of The Crown
9781805466567,2,499,This Is Fascism
9780241972137,1,699,Spy And The Traitor
9780349017495,1,699,The Work We Need
9780241990049,1,799,Chronicles Of Dissent
9781846684982,3,999,The Gun The Ship And The Pen Warfare Constitutions And The Making Of The Modern World
9780241663950,1,699,Open When A Companion For Lifes Twists & Turns
9780099479376,1,1099,The Right Stuff
9780857380975,1,1299,Secret History Of The World
9781408883136,1,750,Silk Roads
9781837731367,2,699,How To Rob The Bank Of England Keith Cheeseman Reveals The True Story Of Britains Biggest Ever Robbery
9781843449225,2,699,A Short History Of India
9781800812253,1,799,The Butcher The Baker The Corsetmaker A History Of The High Street
9781529935714,2,799,Is Free Speech Under Threat? (think Again)
9781789461435,1,899,Undercover Agent
9780007578818,1,550,Putins People
9780099533115,1,850,Manufacturing Consent
9781788163033,1,899,The Rule Of Laws A 4000-year Quest To Order The World
9780349112985,1,1050,Autobiography Of Martin Luther King
9781471150388,1,599,Wright Brothers
9781848316546,1,899,Cracked Why Psychiatry Is Doing More Harm Than Good
9781783967247,1,1199,The Future Of Geography How Power And Politics In Space Will Change Our World
9789377301705,4,599,The Second Orbit Belief Of A Man . . . Dream Of 1.4 Billion Hearts
9780062376589,1,699,Mindgut Connection
9781982144227,1,899,The Movement How Womens Liberation Transformed America 1963-1973
9780755501885,1,8999,Little Miss My Complete Collection Box Set All 36 Little Miss Books In One Fantastic Collection
9780755501878,1,12999,Mr. Men My Complete Collection Box Set All 48 Mr Men Books In One Fantastic Collection
9781789471489,2,1299,"Pants, Pants, Pants! The Wacky Wash Day Game"
9780711271791,3,1091,#N/A
9780241465202,1,299,Peppa Plays Football
9781406372120,4,999,Not An Alphabet Book The Case Of The Missing Cake
9780500651070,4,899,Dottys First Book
9781837713073,3,886,#N/A
9781784408879,6,1399,My Box Of Bedtime Stories (my Little Storytime Library)
9780735353824,9,1499,Little Feminist 500 Piece Family Puzzle
9781474947060,1,1099,Look Inside Seas And Oceans
9788172340810,2,2999,501 Images Of Taj Mahal & Glimpses Of Mughal Agra
9780702307027,3,799,Who Made That Smell? Shhh...dont Tell!  Social Media In The American War Zone
9781406394429,9,726,#N/A
9781844284948,4,546,#N/A
9780744536348,1,699,Handa Surprise
9781406345032,7,599,Bears In Beds (bears On Chairs)
9781406364538,5,599,Bears On Chairs
9781406372670,6,599,Bears And A Birthhday
9781406372663,5,599,Bears In Bath
9781406372687,7,599,Bears In Band
9788179637593,1,199,501 Fascinating Facts
9788179637609,1,199,501 Wonderful Facts
9788179637593,1,199,501 Fascinating Facts
9788179639412,1,199,Doctors Jokes For Kids
9788179638750,1,199,New Riddles For Kids
9788179639429,1,199,Ghost Jokes For Kids
9788179637586,1,199,501 Amazing Facts
9781780558165,1,599,The Best Would You Rather Book
9781837951307,13,699,Marvel Spidey And His Amazing Friends Team Spidey Does It All! (comic Book)
9781842709870,3,599,The Pets You Get!
9780857802293,1,1299,Noisy Pirates
9780655236047,1,1250,Numbers Sound Book
9780241409466,11,1999,Games Book
9781789895254,5,699,Encyclopedia Of Amazing Facts
9782408007959,9,750,#N/A
9781529512359,10,350,Elephants Cannot Dance!
9781784407995,3,999,Amazing Balloon Modelling
9781837712601,19,699,Science Lab (sticker And Activity Book)
9780241465165,4,299,Peppas New Friend
9780241465202,3,299,Peppa Plays Football
9780241465240,5,299,Peppa Goes Swimming
9780241465264,6,450,Peppa Goes To The Hospital
9780241465196,5,299,Peppa Goes To Bed
9780241465172,4,299,Peppa Goes Shopping
9781406338430,8,726,#N/A
9781529525212,7,726,#N/A
9781529512380,4,299,Should I Share My Ice Cream?
9781406348279,5,299,Watch Me Throw The Ball!
9780655213482,14,599,Horton Hears A Who! Colouring Book
9781405275866,1,363,#N/A
9781405278546,10,546,#N/A
9781783441723,4,599,"Ready, Steady, Jump!"
9781405275866,1,363,#N/A
9781844284948,1,546,#N/A
9781405275866,8,363,#N/A
9781406372663,1,599,Bears In Bath
9781844285273,12,699,A Quiet Night In
9781844285341,10,699,All In One Piece
9781844285266,7,699,A Piece Of Cake
9781406300741,7,199,Mr Large In Charge
9788172340810,3,2999,501 Images Of Taj Mahal & Glimpses Of Mughal Agra
9789370891296,2,2999,The Complete Works Of Jane Austen (luxury Edition)
9789370892965,1,1499,The Iliad And The Odyssey (luxury Edition)
9788197525377,2,1500,Engraved Epic Early Bengal Prints Of Ramayana (2nd Edition)
9789373072692,1,2499,Tapestries In Brick
9780857239211,2,995,Visual Guide To Islam (hb)
9780857239013,1,795,Visual Guide To Islam
9781782498445,3,1999,#shelfie How To Style And Display Your Collections
9780810984059,1,2799,Buddhist Himalayas
9780500296691,1,3700,The Ajanta Caves Ancient Buddhist Paintings Of India Ancient Paintings Of Buddhist India
9789353020088,1,1299,Historians Eye
9789389136494,2,1995,On The Trail Of Buddha
9789350673652,3,3000,The Art Critic
9789388372343,12,1999,Illustrated Mahabharata (hb)
9781419770357,2,4250,Adventures In Rose Wine In Provence
9780316375306,1,2999,Bartletts Familiar Quotations
9780241699522,1,6999,Marvel Encyclopedia Collectors Edition
9780063222175,1,2399,English Literature In The Sixteenth Century (excluding Drama)
9789384067182,4,4999,Picturing Time The Greatest Photographs
9789362142788,1,499,The Kama Sutra Of Vatsyayana
9788172340421,1,695,Holy Cow And Other Indian Stories
9789385285325,2,750,Wanderings Through The Garhwal Himalaya
9788119626687,1,1495,The Temples Of Mandi A Study Of The Architecture & Sculpture
9789385285264,1,1250,Higher Than Everest
9789383098903,1,1500,Great Houses Of Calcutta
9789391125592,1,595,Aurangabad Jewel Of The Deccan
9788172343132,1,395,Kailash Mansarovar
9789386906533,1,695,Jama Masjid Call Of The Soul
9780944142288,1,595,Maharana (hb)
9788184957037,1,499,Portuguese Forts Goa With Chaul Korlai And Vasai
9789381523698,11,1999,Bangladesh The Price Of Freedom (hb)
9788189738778,2,1495,Invisible City (hb)
9789380625379,11,999,The Splendours Of South India(hb)
9789380625386,8,999,Jaipur And The Best Of Rajasthan
9789380625515,19,999,Taj Mahal & Agra
9789380625287,9,3995,India Land Of Celebration (hb)
9789380625409,6,1295,Enchanting India
9788190757805,5,6000,1001 Images O Taj Mahal (a Great Wonder Of The World)
9788172340810,9,2999,501 Images Of Taj Mahal & Glimpses Of Mughal Agra
9789380625096,9,3499,Unforgettable Taj (hb)
9780500239506,8,3500,Spirit Of Indian Painting (hb)
9788196190491,2,3999,Peaks Paths Purpose How The Mountains Shaped My Life And Dreams
9789381607695,2,2995,India A Land Of Contrasts (hb)
9788192158686,4,3500,Saris Of Memory
9788189497309,3,38225,Taj Mahal
9781419774928,2,2938,Playgirl The Official History Of A Cult Magazine
9788197989742,1,2790,Yodha Box Set (set Of 2 Books)
9789386206916,2,349,Srimad Bhagavad Gita (hb)
9788194916505,2,399,Little Blue Book On Krishna (hb)
9781801291170,1,1454,#N/A
9780711287488,2,2150,"Thrifty Baker Shop, Bake & Eat On A Budget"
9781838661342,1,3753,The Art Book
9789389136777,1,1750,Banaras Of Gods Humans And Stories (hb)
9780500518274,1,3500,"Sita Rams Painted Views Of India Lord Hastingss Journey From Calcutta To The Punjab, 1814 - 15"
9780241437414,1,1999,Art A Visual History (hb)
9789389136449,1,1500,Kashmir (hb)
9783775759397,1,3700,World Press Photo Yearbook 2025 English Edition
9781405358002,1,3099,Furniture(hb)
9788192693965,1,1500,Ehsas O Izhar (hb)
9789388150156,1,2495,Wall Paintings The Vanishing Treasure
9789395065306,2,2000,Mythological Oil Paintings Of Bengal 19th & Early 20th Century
9789386906762,1,1495,Design Movement In Tagores Santiniketan (hb)
9789389136340,1,1250,Phulkari From Punjab Embroidery In Transition (h.b)
9788195124879,1,2495,Finding Shangri La: Visions Of Ladakh And Spiti
9781849906647,1,1295,Life Story
9788193984604,1,2495,Sikh Heritage A History Of Valour And Devotion (hb)
9789383098163,1,2995,Himalayan Cities (hb)
9788172340872,1,695,Kamasutra
9789349474765,1,2495,Flora Indica Recovering Lost Stories From Kews Indian Drawings
9780593234617,1,2299,The New York Times Book Review 125 Years Of Literary History
9789389136777,1,1750,Banaras Of Gods Humans And Stories (hb)
9780670096077,1,599,Actually I Met Them
9788195565900,1,1699,"Sikhs The Story Of A People, Their Faith And Culture"
9781780678535,2,3199,Artless
9788194969174,3,2495,India A Story Through 100 Objects (hb)
9783741936593,2,3499,The Arabian Horses
9780500544440,2,2950,Lives Of The Great Photographers Designer Pairs
9783741936395,2,4500,Pakistan
9789392130533,2,2995,Buddhism A Journey Through Art
9781402726316,2,635,Beautiful Knitting
9788836661107,2,4800,A Seat At The Table Food And Feasting In The Islamic World
9789394501157,2,1199,Celestial
9780500518410,2,3500,India Fantastique Fashion
9789389136616,2,1495,Textiles Of Rajasthan At The Jaipur Court
9789389136784,2,3000,Reflections On Mughal Art And Culture (hb)
9780691201849,2,5000,Place Of Many Moods (hb)
9781907804892,1,7500,Mughal Paintings Art And Stories (hb)
9788172343538,1,1995,Temples Of South India(hb)
9783897907423,1,7500,Textile Practices A Womens Realm
9788173047855,1,4500,Hari Singh Nalwa Champion Of The Khalsaji 1791-1837
9788174366788,1,1995,Bhutan
9781647229269,1,4899,Dune Exposures
9789383098125,1,2495,Rabindranath Tagore His World Of Art (hb)
9789394501959,1,1950,Photographing Civil Disobedience Bombay 1930-1931
9780241679388,1,3599,Art Annotated Your Expert Guide To 500 Of The Worlds Greatest Works Of Art
9780316395472,1,2399,"The New York Times Book Of The Dead 320 Print And 10,000 Digital Obituaries Of Extraordinary People"
9781781579633,1,1999,The Ultimate Photography Ideas Book
9789392130953,1,595,Dungarpur A Glorious Century
9789389136838,1,895,Field Marshal Sam Manekshaw: Apne Samay Ka Chamakata Sitara (hindi)
9783775759397,1,3700,World Press Photo Yearbook 2025 English Edition
9781911641087,1,1599,100 Childrens Books That Inspire Our World
9780500512593,1,3000,Ganges Along Sacred Waters (hb)
9780753712368,2,999,Art Of India
9788195687107,1,2995,With Love Madras
9781770859302,1,2499,Ceramics The Indispensable Guide
9781932476118,1,3189,Aurel Stein On The Silk Road
9781932476309,1,5565,Tibet In 1938-1939 Photographs From The Ernst Schafer Expedition To Tibet
9780789212740,2,1999,Master-pieces Flip And Flop 10 Great Works Of Art
9781781576540,2,2999,Tate Sketch Club Life Drawing
9789460098383,2,3250,Design & Illustrate Fashion Figure Templates 1
9783791382241,1,2095,Banaras Holy City
9789353113872,1,8000,Indigenius Artists India (hb)
9781588395702,1,5999,Islamic Arms And Armor In The Metropolitan Museum Of Art
9783791350752,2,5000,Indias Fabled City The Art Of Courtly Lucknow(hb)
9788174368607,2,2495,Delhi 360 (hb)
9789381523698,2,1999,Bangladesh The Price Of Freedom (hb)
9788174368614,1,3995,Delhi Red Fort To Raisina
9788168502871,1,2500,A Couple Of Different Strokes
9788174368621,1,2995,New Delhi Making Of A Capital
9789392130182,1,2495,Shahjahanabad Mapping A Mughal City
9789385360800,1,4950,"Ellora Cross-fertilization Of Style In Buddhist, Hindu And Jain Cave Temples"
9789385285820,1,4000,Manaku Of Guler
9788185026213,1,2500,Temple Towns Of Tamil Nadu
9622174752,1,2500,Tales Of The River Brahmaputra
9788194295907,1,4995,Delhi Then And Delhi Now (hb)
9789383098682,1,12000,Masters Of Indian Painting Vil 1
9783961711758,1,6500,Contemporary Design Review (hb)
9780789213747,1,3500,Life & Culture In Northeast India
9780906026359,1,7744,The Bon Religion Of Tibet The Iconography Of A Living Tradition
9781903973837,1,2500,Chola Sacred Bronzes Of Southern India(hb)
9781426219733,1,3399,Second Edition Journeys Of A Lifetime
9788170021223,1,5995,The Punjab Chiefs The Lost Glory Of The Punjab Aristocracy In India And Pakistan
9788189738808,1,3995,Rapture The Art Of Indian Textiles (hb)
9789385285035,1,3800,Block Printed Textiles Of India Imprints Of Culture
9789347762291,1,4995,The Evolution Of Indian Classical Art
9789392130564,1,4995,Inspired By India
9781786277312,1,8999,The Bird
9780241655771,1,2799,Fashion The Definitive Visual History
9780241515877,1,2799,Photography The Definitive Visual History
9780241566213,1,2799,Architecture: The Definitive Visual History (dk Definitive Cultural Histories)
9780241631782,1,2399,Design
9788887090345,1,14999,Mafia
9780241629031,1,3099,Art The Definitive Visual Guide
9783791383767,2,4250,Magnum Atlas Around The World In 365 Photos From The Magnum Archive
9789394501799,2,2500,Portrait Of An Artist
9781786277312,1,8999,The Bird
9788187108474,3,3995,Forts & Places Of India(hb)
9783961717033,2,7000,Golf The Ultimate Book
9780670999262,1,7500,Raghu Rai's India Reflections In Colour (hb)
9788131004357,1,300,Reguvad -4
9788131004555,1,350,Rigved-2
9788131004531,1,350,Adarved Part 2
9789391067281,1,350,S For Sufi A Beginners Guide To Sufi Spirituality
9789390391011,1,199,Vedanta Spirituality For Leadership And Success
9789390391097,1,199,Vivekananda Spirituality For Leadership And Success
9788129145369,1,295,Autobiography Of A Yogi
9789353572570,1,899,Valmikis Ramayana
9788120721531,1,600,Shri Sai Satcharita
9789395073288,1,699,The Great Hindu Civilisation Achievement Neglect Bias And The Way Forward
9780711271883,1,899,The Stories Behind The Poses The Indian Mythology That Inspired 50 Yoga Postures
9788131004296,1,300,Yajuveda (hindi)
9780143107286,1,999,Faces Of Love And The Poets Of Shiraz
9788172343545,1,149,Prophet
9780674251410,1,399,Poems Of The First Buddhist Women
9789353764814,1,295,Yoga The Spiritual Path
9788129147950,1,350,Hanuman Chalisa
9780143423331,1,299,Pregnant King
9789355205407,1,395,Indra The Rise And Fall Of A Hero
9780140447583,1,599,Buddhist Scriptures
9788183285698,1,395,Osho Intimate Glimpses
9789352762835,1,395,Selected Works Of Kahlil Gibran
9780749923730,1,599,The Gift Of Therapy
9789356290358,1,499,A Cry In The Wilderness The Works Of Narayana Guru
9789385827969,1,350,Four Agreements Companion Book
9780143458289,2,299,Samsara Enter The Valley Of The Gods
9789393986375,1,399,Learning From Loss Lessons From Our Gurus
9789391067281,1,350,S For Sufi A Beginners Guide To Sufi Spirituality
9788184954685,1,199,The Promise Of Death
9789353765460,1,195,Patanjalis Yoga Sutras
9780140449334,1,399,Meditations
9780143441786,1,399,Finding Your Balance Your 360° Guide To Perimenopause And Beyond
9789355203731,1,395,The Complete Book Of Yoga Karma Yoga Bhakti Yoga Raja Yoga Jnana Yoga
9789386410023,1,395,Who Killed Osho
9788179929148,1,199,Joy 24 X 7
9789353763404,2,99,Prophet
9789356294059,1,299,Venkatesa Suprabhatam The Story Of A Beloved Indian Prayer
9788184959895,1,999,Little Black Book For Stunning Success
9789356293878,1,599,The Museum Of The World
9788179927298,1,325,Take Your Time
9789356292345,1,399,Saundarya Lahari Wave Of Beauty
9789354471469,1,499,After The War The Last Books Of The Mahabharata
9789354351273,1,599,Mahabharata Unravelled
9788184952711,1,275,Conquering The Mind
9780670098057,1,499,The Scientific Sufi The Life And Times Of Jagadish Chandra Bose
9789355205445,1,395,Krishna The 7th Sense
9788184950922,1,399,Dhammapada
9788184954500,1,250,Mantram Handbook
9788185250434,1,295,Origin Of The Soul And The Purpose Of Reincarnation
9788184950915,1,450,Upanishads
9789354353321,1,599,Ramayana Unravelled
9789391067540,1,399,The Inner Light A Beginners Guide To Spirituality And Finding Peace
9788172247577,1,350,Dialogue With Death
9789356292741,1,399,Haidakhan Baba My Years With The Himalayan Mystic
9788171872183,1,299,Encyclopedia Of Space And Our Moving Earth
9781529148145,1,2499,Ammu Indian Home-cooking To Nourish Your Soul
9780670092178,2,999,The Book Of Dals
9781472140531,1,795,101 Award-winning Cocktails From The Worlds Best Bartenders
9788172245665,1,499,Krishna The Man And His Philosophy
9788184953084,1,299,Sadhguru Of Mustics And Mistakes
9788184950762,1,299,Himalayan Lust
9788191009637,1,350,Wisdom Of The Rishis Sri M
9789393559760,1,399,"On Right Livelihood Freedom From Distractions, Addictions And Possessiveness"
9789355207784,1,395,Mystic Fire The Life Of Sri Aurobindo
9780593129661,1,699,Outdoor Kids In An Inside World Getting Your Family Out Of The House And Radically Engaged With Nature
9789395073448,1,399,Garuda Purana
9788172246143,1,250,Mega Living 30 Days To Perfect Life
9788179929858,1,350,Laws Of The Spirit World
9789394407978,1,399,In The Footsteps Of Rama Travels With The Ramayana
9789354470004,1,599,Youth The Balakandam Of Kampan Ramayana
9789381398517,1,399,Art Of Purring
9788194011187,1,600,Bhagavadgita Natyaroop -hindi
9788184950908,1,399,Bhagavad Gita
9788190105910,1,599,Power Of Now
9788131004289,1,300,Samved (hindi)
9788181337108,1,150,Kaber Bani
9788179921623,1,299,Monk Who Sold His Ferrari
9789395073448,2,399,Garuda Purana
9788172239886,1,1099,Ramayana
9789353026905,1,399,Shirdi Sai Baba
9789355205506,1,295,Mayabharata The Untold Story Behind The Death Of Lord Krishna
9789356292192,1,399,Ananda Happiness Without Reason
9789394613027,1,350,Soul Mantra Ignite Your Spiritual Voyage & Awaken The Self
9788179921623,1,299,Monk Who Sold His Ferrari
9788179922316,1,999,Leadership Wisdom From The Monk Who Sold...
9788179928141,1,299,Greatness Guide 2
9788184956955,1,199,Mind Is Your Business
9789386867506,1,250,Emotion  Relationships
9789355204387,2,350,7 Mindsets For Success Happiness And Fulfilment
9788184954425,3,299,Life And Death In One Breath
9788184951660,2,299,Midnights With The Mystic
9788184952001,1,299,Dont Polish Your Ignorance It May Shine
9788179925768,1,325,Greatness Guide
9789390918966,1,395,Grief Growth Grace A Sacred Pilgrimage
9780671652500,1,499,Light From  Many Lamps
9789355204523,1,295,The Science Of Mind Management
9780143457831,1,399,Sri Siddhi Ma The Story Of Neem Karoli Babas Spiritual Legacy
9789382585206,1,399,Upanishads Katha Prashna Mundaka
9789382585244,1,449,Srim The Journey Continues
9780143458609,1,399,Shunya A Novel
9780143458586,1,499,Apprenticed To A Himalayan Master A Yogis Autobiography
9789382585206,1,399,Upanishads Katha Prashna Mundaka
9789358563603,1,279,Make Your Own Paper Figure - Planes (activity Book For Kids)
9789358564730,1,279,"Make Your Own Paper Figures Vintage Cars Cut, Fold & Assemble Classic Car Models"
9780241744918,1,699,Puzzle With Peter Sticker Activity Book (the World Of Peter Rabbit)
9789359542072,1,299,Number Stickers Dinosaurs
9780241744901,1,699,Peter Rabbit Sticker Activity Forest Party
9781444932959,1,599,Noddy Toyland Detective Fun With Friends Sticker Activity Over 60 Stickers Inside!
9789358563603,1,279,Make Your Own Paper Figure - Planes (activity Book For Kids)
9789359542072,1,299,Number Stickers Dinosaurs
9789359547473,1,299,Number Stickers Wild Animals
9781802494341,1,799,Spooky With Ghoulish Activities And Press-cuts
9780241744901,1,699,Peter Rabbit Sticker Activity Forest Party
9781405284349,1,650,"Lego® Star Wars Ready, Steady, Stick! Intergalactic Activity Book"
9781405285025,2,999,Star Wars Rogue One Profiles And Poster Book
9781405284349,2,650,"Lego® Star Wars Ready, Steady, Stick! Intergalactic Activity Book"
9789359547473,1,299,Number Stickers Wild Animals
9781444932959,2,599,Noddy Toyland Detective Fun With Friends Sticker Activity Over 60 Stickers Inside!
9780241458075,1,399,Learn With Ladybird First Spelling
9781789054460,1,899,The Human Body (autumn Activity Packs)
9788124328521,1,60,A Book Of Copy Colouring Fruits
9788124328545,1,60,A Book Of Copy Colouring Birds
9789373548241,1,120,A Collection Of Fun With Crayons 2
9789373549866,1,60,Magical Unicorn 1
9789373540665,1,60,Magical Unicorn 4
9780190128845,1,1195,A History Of The Sikhs Volume One 1469-1839 Box Set
9788179921623,1,299,Monk Who Sold His Ferrari
9781847943385,1,799,Cant We Just Print More Money? Economics In Ten Simple Questions
9780670097111,1,499,Doglapan The Hard Truth About Life And Start-ups
9789394613485,1,550,Who Not How The Formula To Achieve Bigger Goals Through Accelerating Teamwork
9789353020361,1,599,Romancing The Balance Sheet On The Go
9781529389975,1,599,100 Things Productive People Do Little Lessons In Getting Things Done
9780670094035,1,699,Working To Restore Why We Do Business In The Regenerative Era
9780008497521,1,799,"How To Make Money A New, Honest Guide To Starting And Building A Six-figure, Successful Business"
9781776191857,1,599,Elon Musk Risking It All
9781953650092,1,499,Badvertising An Expose Of Insipid Insufferable Ineffective Advertising
9781404112063,1,550,Sales Management Simplified
9781404117020,1,450,"The Self-aware Leader : Play To Your Strengths, Unleash Your Team"
9789394613515,1,399,Time Money Freedom
9781101971048,1,750,Givers
9780008393816,1,499,Together 10 Choices For A Better Now
9781400246717,2,499,How To Grow Your Small Business A 6-step Plan To Help Your Business Take Off
9780684811635,1,550,Learn To Earn
9781529910971,1,799,The Price Of Money How To Prosper In A Financial World Thats Rigged Against You
9781683648635,1,599,Start Finishing
9781847943385,1,799,Cant We Just Print More Money? Economics In Ten Simple Questions
9781404107212,1,599,Building A Story Brand
9781400336203,1,550,The 21 Irrefutable Laws Of Leadership
9780241584590,1,799,"Sold Out How Broken Supply Chains, Surging Inflation And Political Instability Will Sink The Global Economy"
9781647822163,1,850,On Leading Digital Transformation
9780008530150,1,599,Making Decisions Putting The Human Back In The Machine
9780691253909,2,599,In Praise Of Good Bookstores
9780753541630,2,799,Lean In
9781399804066,1,599,The New Brand You How To Wow In The New World Of Work
9781776191857,2,599,Elon Musk Risking It All
9781399801706,2,599,Launch In 5
9781847941831,1,899,Atomic Habits
9781399407618,1,599,"Spark 24 Concepts To Ignite, Unstick Or Supercharge Your Work Life"
9781847943859,1,799,The Perfection Trap The Power Of Good Enough In A World That Always Wants More
9781847926968,1,799,The Human Mind A Brief Tour Of Everything We Know
9781847942814,1,799,"Centennials The 12 Habits Of Great, Enduring Organisations"
9781781259191,1,999,Laws Of Human Nature
9781847926968,1,799,The Human Mind A Brief Tour Of Everything We Know
9781861972781,2,999,The 48 Laws Of Power
9780241385630,1,999,Infinite Game
9780571358564,1,699,Nine Lives
9781847943477,1,799,Rethinking Competitive Advantage
9780241454404,1,799,How The World Really Works A Scientists Guide To Our Past Present And Future
9781847942937,1,799,The Confident Mind A Battle-tested Guide To Unshakable Performance
9781473610279,1,899,The Cyber Effect
9781250225610,1,799,Loonshots
9780241567432,1,799,How To Stay Smart In A Smart World Why Human Intelligence Still Beats Algorithms
9780008530150,1,599,Making Decisions Putting The Human Back In The Machine
9789354358371,1,699,Quantum Leadership
9781722503499,1,399,Entrepreneurship
9789393559746,1,450,The Zen Trader How Ancient Wisdom Can Help You Master Your Mind… And The Markets
9789391234904,1,699,The Utterly Butterly Milkman A Birth Centenary Commemorative
9781838957735,1,599,The Ten Pillars Of Success Secret Strategies Of High Achievers
9780241616598,1,799,Virtual Society The Metaverse And The New Frontiers Of Human Experience
9781529065046,1,699,Too Big To Jail Inside Hsbc The Mexican Drug Cartels And The Greatest Banking Scandal Of The Century
9781911709213,1,799,"Wonder Boy Tony Hsieh, Zappos And The Myth Of Happiness In Silicon Valley"
9781529146141,1,799,Outpacer The Blueprint For Breakthrough Success In The Digital Era
9781398514157,1,699,Live Life In Crescendo Your Most Important Work Is Always Ahead Of You
9781471195938,1,699,Trust & Inspire
9781668010556,1,799,How To Invest Masters On The Craft
9789389611502,1,599,Marketing Without Money An Essential Guide
9781847926654,1,799,Cloudmoney Cash Cards Crypto And The War For Our Wallets
9781847943422,2,799,"Mastering Uncertainty: How Great Founders, Entrepreneurs And Business Leaders Thrive In An Unpredictable World"
9780008484392,1,799,Knowing What We Know The Transmission Of Knowledge From Ancient Wisdom To Modern Magic
9781408888063,1,599,Mindwandering How It Can Improve Your Mood And Boost Your Creativity
9781847943668,1,799,Fortitude Unlocking The Secrets Of Inner Strength
9781529065879,1,899,Thinking 101
9780008303631,1,1150,Blitzscaling
9781787635050,1,799,Money Men A Hot Startup A Billion Dollar Fraud A Fight For The Truth
9781847943422,1,799,"Mastering Uncertainty: How Great Founders, Entrepreneurs And Business Leaders Thrive In An Unpredictable World"
9780008309008,1,699,Noise
9781529376371,1,799,Life In Five Senses How Exploring The Senses Got Me Out Of My Head And Into The World
9781847926968,1,799,The Human Mind A Brief Tour Of Everything We Know
9780241467701,1,799,Uncertain How To Turn Your Biggest Fear Into Your Greatest Power
9781861977694,1,999,The Art Of Seduction
9781472147769,1,499,How To Smash Stress 40 Ways To Get Your Life Back
9780008393762,1,599,A Human History Of Emotion How The Way We Feel Built The World We Know
9781035020072,1,799,Gonzo Capitalism How To Make Money In An Economy That Hates You
9780241300688,1,799,Bittersweet How Sorrow And Longing Make Us Whole
9780753553893,1,799,Think Again
9781526660725,1,699,The Big Bang Of Numbers
9781847926494,1,799,Talking Heads The New Science Of How Conversation Shapes Our Worlds
9780241624166,1,999,"Four Ways Of Thinking Statistical, Interactive, Chaotic And Complex"
9781526660725,1,699,The Big Bang Of Numbers
9780143455547,11,199,Relativity
9781471146725,1,499,Shoe Dog
9781774583159,1,699,The Revenue Acceleration Playbook
9789351952039,1,499,Seventh Sense
9789392099236,1,499,Policymakers Journal
9781847940575,1,699,The Dealmaker Lessons From A Life In Private Equity
9781529111484,1,599,Cloudmoney Why The War On Cash Endangers Our Freedom
9780753519554,1,599,Lossing My Virginity
9780753555644,2,699,Elon Musk
9781250623096,2,699,Loonshots
9780670919536,1,599,Personal Mba
9780241998731,1,599,Brave New Work Are You Ready To Reinvent Your Organization?
9781471138805,3,699,Innovators
9781847943569,2,599,Emotion By Design Creative Leadership Lessons From A Life At Nike
9781529146332,2,599,What They Dont Teach You About Money
9781529066364,2,550,The Happiest Man On Earth The Beautiful Life Of An Auschwitz Survivor
9780141998336,1,799,Edible Economics A Hungry Economist Explains The World
9781529033847,1,599,Working Backwards Insights Stories And Secrets From Inside Amazon
9781800750937,1,650,"Woke, Inc"
9780670094158,1,899,Against All Odds The It Story Of India
9781541774759,1,899,"The Equality Machine Harnessing Digital Technology For A Brighter, More Inclusive Future"
9781805301202,1,899,Your Brain On Art
9781844135844,1,1499,Built To Last (hb)
9781647821326,1,1350,"Beyond Disruption Innovate And Achieve Growth Without Displacing Industries, Companies, Or Jobs"
9780674247987,1,599,Indias Founding Moment (hb)
9780241579602,1,1299,How To Prevent The Next Pandemic
9781647822163,1,850,On Leading Digital Transformation
9780241460245,1,999,Crack-up Capitalism Market Radicals And The Dream Of A World Without Democracy
9780241643280,1,1250,Its Ok To Be Angry About Capitalism
9781501124020,1,1499,Principles
9780241454374,1,799,The Earned Life Lose Regret Choose Fulfilment
9780241573099,2,799,The Big Con How The Consulting Industry Weakens Our Businesses Infantilizes Our Governments And Warps Our Economies
9781250225610,1,799,Loonshots
9780670097005,2,799,Leaders In The Making The Crucibles Of Changemakers In India
9780670096992,1,799,Forks In The Road My Days At Rbi And Beyond
9780670097340,1,699,Engineered In India From Dreams To Billion-dollar Cyient
9780670097234,1,799,Exprovement Exponential Improvement Through Converging Parallels
9789387894518,1,799,Balance Responsible Business (hb)
9789394407220,1,699,Forging Mettle Nrupender Rao And The Pennar Story
9781474610162,1,799,Russia Revolution And Civil War 1917-1921
9781780745244,1,699,I'm Going To Ruin Their Lives
9780674290457,3,699,His Majestys Opponent
9789393986597,1,799,My Life As A Comrade The Story Of An Extraordinary Politician And The World That Shaped Her
9781526622570,1,899,The Earth Transformed
9780753559246,2,799,The Russia Conundrum How The West Fell For Putins Power Gambit – And How To Fix It
9780241637968,1,799,Elizabeth An Intimate Portrait
9780060085896,1,1050,Frida
9781668010556,1,799,How To Invest Masters On The Craft
9781526624963,2,599,Liberation Day
9781783789795,1,999,Biography Of X
9781473692466,1,899,Mad Honey
9788173711466,1,495,Wings Of Fire
9780674294080,1,699,The Seventy-five Folios And Other Unpublished Manuscripts
9789388754347,1,799,Tawaifnama
9780008562779,1,799,Overreach The Inside Story Of Putins War Against Ukraine
9780670097722,1,999,The Radical In Ambedkar Critical Reflections Penguin 35 Collectors Edition
9780670097678,1,999,The Man Who Saved India Sardar Patel And His Idea Of India Penguin 35 Collectors Edition
9789356295728,1,699,Mystics And Sceptics In Search Of Himalayan Masters
9789391165895,1,999,False Allies
9789356991217,1,699,Becoming Babasaheb The Life And Times Of Bhimrao Ramji Ambedkar (volume 1) Birth To Mahad (1891-1929)
9789355205711,1,795,Azaad An Autobiography
9781398527492,2,1499,Elon Musk
9789354899065,1,799,Turmoil In Punjab An Insiders Account Before And After Blue Star An Insiders Account
9781035031542,1,2499,Beyond The Story 10-year Record Of Bts
9780241624517,1,1299,Underground Empire How America Weaponized The World Economy
9780691245775,1,799,Nehrus India A History In Seven Myths
9780241621240,1,1299,The Light We Carry Overcoming In Uncertain Times
9780753559192,1,799,How To Stand Up To A Dictator
9789392099151,1,899,The Dismantling Of India
9780008511647,1,899,Colonialism A Moral Reckoning
9789354892387,1,699,Chinese Spies From Chairman Mao To Xi Jinping
9780008562779,1,799,Overreach The Inside Story Of Putins War Against Ukraine
9788195991723,1,899,You Must Know Your Constitution
9781398512948,1,1499,Making It So A Memoir
9780670098286,1,599,The Half Empress
9789392099397,1,799,The Mauryas
9780674294073,1,699,"The World Of Sugar How The Sweet Stuff Transformed Our Politics, Health, And Environment Over 2,000 Years"
9789390652457,1,999,How Prime Ministers Decide
9789356991217,1,699,Becoming Babasaheb The Life And Times Of Bhimrao Ramji Ambedkar (volume 1) Birth To Mahad (1891-1929)
9780674294066,1,699,"Empire, Incorporated The Corporations That Built British Colonialism"
9788194879053,1,699,Midnights Borders (hb)
9781471166785,1,2199,Leonardo Da Vinci
9781399804462,1,899,Power And Progress: Our Thousand-year Struggle Over Technology And Prosperity
9780062071514,1,799,Return Of The God Hypothesis Three Scientific Discoveries That Reveal The Mind Behind The Universe
9780670098460,1,699,Victory City
9788195991723,1,899,You Must Know Your Constitution
9789356994713,1,799,We Also Make Policy An Insiders Account Of How The Finance Ministry Functions
9789356294004,1,799,The Book Of Everlasting Things A Novel
9789393986481,1,899,Age Of Vice
9780349436999,1,1599,Fourth Wing
9789356296008,1,699,Insatiable
9780241303412,1,1299,The Crisis Of Democratic Capitalism
9789386850911,1,1299,Hickys Bengal Gazette
9780670097784,1,699,Makers Of Modern India Penguin 35 Collectors Edition
9789391047504,1,599,Ambedkar A Life
9780670098033,1,499,Rooh
9789390742097,1,699,Indian Contingent (hb)
9789394613980,1,699,The Greatness Mindset Unlock The Power Of Your Mind And Live Your Best Life Today
9781788169509,1,699,The Crux How Leaders Become Strategists
9788178246529,1,1095,Hindutva And Violence V D Savarkar And The Politics Of History
9780670097302,1,799,Hello Bastar The Untold Story Of Indias Maoist Movement
9780670091034,1,699,Ranis And The Raj The Pen And The Sword
9789383064656,1,899,An Era Of Darkness The British Empire In India
9789355203281,1,995,India In A New Key
9789395073370,1,799,The Return Of Faraz Ali
9780670093687,1,699,Wanderers Kings Merchants (hb)
9780670098293,1,699,The Half Known Life In Search Of Paradise
9780670095629,1,799,The Nutmegs Curse: Parables For A Planet In Crisis
9789356291423,1,799,We The People Of The States Of Bharat The Making And Remaking Of Indias Internal Boundaries
9780670093564,1,599,The Blind Matriarch
9780670096114,1,599,The Monkeys Wounds And Other Stories
9780670098392,1,799,Filmi Stories
9780670098101,1,599,The Laughter
9789387578890,1,599,Tell Her Every Thing (hb)
9780670095988,1,599,The Bellboy
9780670096596,1,599,Anthill
9780143448471,1,699,Tomb Of Sand
9780670097302,1,799,Hello Bastar The Untold Story Of Indias Maoist Movement
9780670096244,1,499,Made In Future A Story Of Marketing Media And Content For Our Times
9789356296657,1,699,A Constitution To Keep Sedition And Free Speech In Modern India
9780670098859,1,799,Strange Burdens The Politics And Predicaments Of Rahul Gandhi
9780691244785,1,599,Translating Myself And Others
9789393852120,1,799,The Greatest Goan Stories Ever Told
9780670095308,1,699,Diamonds In The Dust (hb)
9788187330745,1,795,Hindi Effortlessly (hb)
9789386850843,1,499,Illiberal India Gauri Lankesh And The Age Of Unreason
9780670096473,1,699,Gandhis Assassin The Making Of Nathuram Godse And His Idea Of India
9789391047733,1,699,Lies Our Mothers Told Us The Indian Womans Burden
9789389253818,1,699,My Life In Full
9780670098552,1,699,Fear And Lovely
9789386021120,1,799,Daughters Of The Sun
9789356295940,1,599,Revolutionaries The Other Story Of How India Won Its Freedom
9789391234676,1,699,Whole Numbers And Half Truths What Data Can And Cannot Tell Us About Modern India
9789390652143,1,699,A Time Outside This Time: A Novel
9781739887889,2,3517,Trucks And Tuks Decorated Vehicles Of South Asia
9788197525339,2,6000,Gods In Porcelain
9781465459664,1,4999,"Star Wars The Essential Collection, Includes 2 Great Books Plus Giant Foldout Poster"
9780751584189,1,899,The Ink Black Heart
9789384544959,1,799,Dilip Kumar An Autobiography
9789354895845,1,499,This Life At Play Memoirs
9781787303799,1,799,Killing Moon
9780241568620,1,799,Tomas Nevinson
9781471191947,1,699,For You And Only You
9789356291638,1,599,The Mahatma On Celluloid A Cinematic Biography
9789354895845,1,499,This Life At Play Memoirs
9780231196185,1,699,Bombay Hustle Making Movies In A Colonial City
9789391234843,1,899,Modis India Hindu Nationalism And The Rise Of Ethnic Democracy
9781473680630,1,1450,What If?2 Additional Serious Scientific Answers To Absurd Hypothetical Questions
9789354474026,1,699,Afghan Napoleon The Life Of Ahmad Shah Massoud
9781526660541,1,699,China After Mao The Rise Of A Superpower
9789391234843,1,899,Modis India Hindu Nationalism And The Rise Of Ethnic Democracy
9781398504103,1,799,Chip War The Fight For The Worlds Most Critical Technology
9789393852588,1,699,The Battle Of Belonging On Nationalism Patriotism And What It Means To Be Indian
9789393986597,1,799,My Life As A Comrade The Story Of An Extraordinary Politician And The World That Shaped Her
9781847923387,1,999,Putin His Life And Times
9789391234843,1,899,Modis India Hindu Nationalism And The Rise Of Ethnic Democracy
9780670095926,1,1099,Planning Democracy How A Professor An Institute And An Idea Shaped India
9789386850911,1,1299,Hickys Bengal Gazette
9780670098286,1,599,The Half Empress
9789354353017,1,799,India Bharat And Pakistan The Constitutional Journey Of Sandwiched Civilisation
9788194879053,1,699,Midnights Borders (hb)
9780008498610,1,799,No Escape The True Story Of Chinas Genocide Of The Uyghurs
9781781576342,1,4500,Disney Frozen Crochet Kit
9781835090633,1,1299,Snow White A Fairy Tale Pop-up Book
9781835092293,1,1299,The Three Little Pigs A Fairy Tale Pop-up Book
9781835090626,1,1299,Peter Pan A Fairy Tale Pop-up Book
9781835090640,1,1299,Sleeping Beauty A Fairy Tale Pop-up Book
9789356295506,6,399,The Gopi Diaries Growing Up
9789362135049,7,399,The Gopis Day Out!
9789356295506,2,399,The Gopi Diaries Growing Up
9789362135049,3,399,The Gopis Day Out!
9789390351619,5,350,Gopi Diaries Finding Love (hb)
9789353575885,1,350,Gopi Diaries Coming Home (hb)
9789353575885,1,350,Gopi Diaries Coming Home (hb)
9780143418658,1,299,Day I Stopped Drinking Milk : Life Stories From Here And
9780143418658,1,299,Day I Stopped Drinking Milk : Life Stories From Here And
9780143418658,1,299,Day I Stopped Drinking Milk : Life Stories From Here And
9780143418658,1,299,Day I Stopped Drinking Milk : Life Stories From Here And
9780143444343,1,299,Here There And Everywhere Best Loved Stories Of Sudha Murty
9780143103769,1,275,Dollar Bahu
9780143103769,1,275,Dollar Bahu
9780143444343,1,299,Here There And Everywhere Best Loved Stories Of Sudha Murty
9780143103295,1,299,Mahashweta
9780143334255,1,199,Bird With Golden Wings
9788129101440,1,295,Rupa Book Of Ruskin Bond's Himalayan Tales
9780143334255,1,199,Bird With Golden Wings
9780143442349,1,275,Daughter From A Wishing Tree
9780143442325,1,275,The Sage With Two Horns Unusual Tales From Mythology
9780143442325,1,275,The Sage With Two Horns Unusual Tales From Mythology
9780143442349,1,275,Daughter From A Wishing Tree
9780143427858,1,275,The Serpents Revenge
9780143451846,1,275,Grandparents Bag Of Stories
9780143451846,1,275,Grandparents Bag Of Stories
9780143451846,1,275,Grandparents Bag Of Stories
9780143333623,1,275,Grandmas Bag Of Stories
9780143103769,1,275,Dollar Bahu
9780143333166,1,275,Magic Of The Lost Temple
9780143333166,1,275,Magic Of The Lost Temple
9780143333166,1,275,Magic Of The Lost Temple
9780143427865,1,275,Man From The Egg
9780143427865,1,275,Man From The Egg
9780143427865,1,275,Man From The Egg
9780143427865,1,275,Man From The Egg
9780143334255,1,199,Bird With Golden Wings
9780143334255,1,199,Bird With Golden Wings
9780143103776,1,250,Gently Falls The Bakula
9780143450146,1,799,Sudha Murty Childrens Treasury (hb)
9780143103776,1,250,Gently Falls The Bakula
9780143103776,1,250,Gently Falls The Bakula
9780143103776,1,250,Gently Falls The Bakula
9780143103776,1,250,Gently Falls The Bakula
9780143333630,1,275,Magic Drum And Other Favourite Stories
9780143333630,1,275,Magic Drum And Other Favourite Stories
9780143333630,1,275,Magic Drum And Other Favourite Stories
9780143333630,1,275,Magic Drum And Other Favourite Stories
9780143442332,1,275,Upside Down King
9780143423928,1,299,Something Happened Of The Way To Heaven
9780143423928,1,299,Something Happened Of The Way To Heaven
9780143423928,1,299,Something Happened Of The Way To Heaven
9780143062226,1,299,Wise & Otherwise
9780143450269,1,250,Grandpas Bag Of Stories
9780143450269,1,250,Grandpas Bag Of Stories
9780143450269,1,250,Grandpas Bag Of Stories
9780143450269,1,250,Grandpas Bag Of Stories
9780143450269,1,250,Grandpas Bag Of Stories
9780143450269,1,250,Grandpas Bag Of Stories
9780143442332,1,275,Upside Down King
9780143442332,1,275,Upside Down King
9780143442332,1,275,Upside Down King
9780143442332,1,275,Upside Down King
9780143442332,1,275,Upside Down King
9780143442332,1,275,Upside Down King
9780143442332,1,275,Upside Down King
9780143442332,1,275,Upside Down King
9780143420361,1,275,House Of Cards
9780143420361,1,275,House Of Cards
9780143420361,1,275,House Of Cards
9780143458180,1,275,The Magic Of The Lost Story
9780143458180,1,275,The Magic Of The Lost Story
9780143479802,1,299,The Magic Of The Lost Earrings
9780143479802,1,299,The Magic Of The Lost Earrings
9780143479802,1,299,The Magic Of The Lost Earrings
9780143479802,1,299,The Magic Of The Lost Earrings
9780143479802,1,299,The Magic Of The Lost Earrings
9780144001019,1,250,Old Man & His God
9780144001019,1,250,Old Man & His God
9780144001019,1,250,Old Man & His God
9780144001019,1,250,Old Man & His God
9780143333647,1,275,How I Taught My Grandmother To Read And Other Stories
9780143422259,1,299,Mother I Never Knew
9780143422259,1,299,Mother I Never Knew
9780143422259,1,299,Mother I Never Knew
9780143440055,1,275,Three Thousand Stitches
9780143422259,1,299,Mother I Never Knew
9780143333647,1,275,How I Taught My Grandmother To Read And Other Stories
9780143333647,1,275,How I Taught My Grandmother To Read And Other Stories
9780143333647,1,275,How I Taught My Grandmother To Read And Other Stories
9780143333647,1,275,How I Taught My Grandmother To Read And Other Stories
9780143333647,1,275,How I Taught My Grandmother To Read And Other Stories
9780143062226,1,299,Wise & Otherwise
9780143062226,1,299,Wise & Otherwise
9780143062226,1,299,Wise & Otherwise
9780143062226,1,299,Wise & Otherwise
9780143062226,1,299,Wise & Otherwise
9780143062226,1,299,Wise & Otherwise
9789380070209,1,295,Story Of My Experiments With Truth
9780241486511,1,999,Caste (hb)
9789356295964,1,699,A Life In The Shadows A Memoir
9789356295964,1,699,A Life In The Shadows A Memoir
9789391047184,1,999,The Last War How Ai Will Shape India’s Final Showdown With China
9781526641540,1,699,A Visible Man
9789356291638,1,599,The Mahatma On Celluloid A Cinematic Biography
9789385609596,1,595,Anything But Khamosh The Satrughan Singha Biography
9780674291607,1,799,Guru To The World The Life And Legacy Of Vivekananda
9780143458517,1,499,Our Hindu Rashtra What It Is. How We Got Here
9789356290020,1,699,Indian Ideas Of Freedom
9789356295902,1,699,Friends With Benefits The India-us Story
9780670096152,1,399,Good Innings The Extraordinary Ordinary Life Of Lily Tharoor
9789394407565,1,599,Ninety Days The True Story Of The Hunt For Rajiv Gandhis Assassins
9789354474446,1,499,"Japanese Management, Indian Resistance The Struggles Of The Maruti Suzuki Workers"
9789356294097,1,499,Making Place For Muslims In Contemporary India
9789354473227,1,399,Never Tell Them We Are The Same People Notes On Pakistan
9780670096923,1,499,The Last Heroes Foot Soldiers Of Indian Freedom
9789356293557,1,599,Politics Of Hate Religious Majoritarianism In South Asia
9780143458517,1,499,Our Hindu Rashtra What It Is. How We Got Here
9789356295902,1,699,Friends With Benefits The India-us Story
9780143458517,1,499,Our Hindu Rashtra What It Is. How We Got Here
9789354474002,1,350,On Leaders And Icons From Jinnah To Modi
9789389152517,1,899,Undercover
9789354894497,1,499,Azim Premji The Man Beyond The Billions
9780857206695,1,525,What To Expect The Second Year
9781471175503,1,599,What To Expect The First Year
9780670097081,1,599,Tirukkural The Book Of Desire
9789393852120,1,799,The Greatest Goan Stories Ever Told
9789390652297,1,899,The Greatest Tamil Stories Ever Told
9789382277743,1,799,Greatest Bengali Stories Ever Told
9789391047481,1,699,The Greatest Gujarati Stories Ever Told
9789391165086,1,599,India Versus China (hb)
9780670096695,1,599,Babasaheb My Life With Dr Ambedkar
9780670092451,1,799,Republic Of Religion (hb)
9789354352591,1,699,Yeh Un Dinon Ki Baat Hai Urdu Memoirs Of Cinema Legends
9780670096008,1,799,Bose The Untold Story Of An Inconvenient Nationalist
9789392209093,1,895,Snakes In The Ganga Breaking India 2.0
9780670096770,1,599,Afterness Home And Away
9789356295940,1,599,Revolutionaries The Other Story Of How India Won Its Freedom
9789356991316,1,399,The Age Of Pandemics (18171920) How They Shaped India And The World
9789353451608,1,899,Lords Of The Deccan Southern India From The Chalukyas To The Cholas
9789390742097,1,699,Indian Contingent (hb)
9780670094684,1,799,Bravehearts Of Bharat Vignettes From Indian History
9780670097333,1,499,Here And Hereafter Nirmal Vermas Life In Literature
9780670097333,1,499,Here And Hereafter Nirmal Vermas Life In Literature
9780670095186,1,499,Water In A Broken Pot A Memoir
9780670095186,1,499,Water In A Broken Pot A Memoir
9789391047924,1,999,Rajaraja Chola King Of Kings
9781035031542,1,2499,Beyond The Story 10-year Record Of Bts
9789388754347,1,799,Tawaifnama
9780670092079,1,1499,India In Search Of Glory Political Calculus And Economy
9789354352492,1,799,India That Is Bharat (hb)
9789355209764,1,595,"Dharmic Nation Freeing Bharat, Remaking India"
9789355209764,1,595,"Dharmic Nation Freeing Bharat, Remaking India"
9789388689410,1,999,Ascetic Games (hb)
9780670097333,1,499,Here And Hereafter Nirmal Vermas Life In Literature
9780670096800,1,599,Winning Middle India The Story Of India’s New-age Entrepreneurs
9789351772545,1,799,Where Stone Speak
9789354895326,1,699,The Progressive Maharaja Sir Madhava Raos Hints On The Art And Science Of Government
9789389648737,1,399,Yoga Also For The Godless (hb)
9780670095933,1,799,Sone Chandi Ke Buth Writings On Cinema
9780670097531,1,499,English + Apocalypso Flipbook
9780670097531,1,499,English + Apocalypso Flipbook
9780670096077,1,599,Actually I Met Them
9780670097326,1,699,Gautam Adani Reimagining Business In India And The World
9780670097333,1,499,Here And Hereafter Nirmal Vermas Life In Literature
9789393701114,1,799,In Search Of The Divine Living Histories Of Sufism In India
9789354891939,1,699,Desperately Seeking Shah Rukh Indias Lonely Young Women And The Search For Intimacy And Independence
9789354891939,1,699,Desperately Seeking Shah Rukh Indias Lonely Young Women And The Search For Intimacy And Independence
9781529389975,1,599,100 Things Productive People Do Little Lessons In Getting Things Done
9780670097302,1,799,Hello Bastar The Untold Story Of Indias Maoist Movement
9789356293267,1,699,Tatas Leadership Experiment The Story Of The Tata Administrative Service
9780670095322,1,599,Tata Stories (hb)
9780670090990,1,799,Lab Hopping
9789394407466,1,599,Editor Missing The Media In Todays India
9781911215387,1,799,Novelist As A Vocation
9780670097333,1,499,Here And Hereafter Nirmal Vermas Life In Literature
9780857527950,1,699,Honeybees And Distant Thunder
9789389648263,1,799,Delhi A Soliloquy
9789354473807,1,699,"Of The Raj, Maharajas And Me"
9780670096954,1,499,Untangling Conflict An Introspective Guide For Families In Business
9789383064076,1,799,Greatest Urdu Stories Ever Told
9789390652938,1,899,The Greatest Assamese Stories Ever Told
9789393852069,1,799,The Greatest Marathi Stories Ever Told
9789388292979,1,799,Greatest Odia Stories Ever Told (hb)
9789391047306,1,699,The Greatest Telugu Stories Ever Told
9789391047337,1,699,The Greatest Kashmiri Stories Ever Told
9780670096695,1,599,Babasaheb My Life With Dr Ambedkar
9789389152180,1,799,Sebastian And Sons (hb)
9789356295926,1,699,The Indian President An Insider’s Account Of The Zail Singh Years
9789354471896,1,499,Dadamonithe Life And Times Of Ashok Kumar
9789354470967,1,450,In Free Fall My Experiments With Living
9788194877271,1,699,Irrfan Dialogues With The Wind
9789392099069,1,699,Strange Encounters Adventures Of A Curious Life
9789392130137,1,595,Sawaneh-i Dehli Biography Of Delhi
9788194969150,1,395,Last Gathering (hb)
9789392834660,1,595,Dilip Kumar In The Shadow Of A Legend
9781405950800,1,499,The Anomaly
9781526653253,1,499,By The Sea By The Winner Of The Nobel Prize In Literature 2021
9780008539047,1,499,The Maid
9781838930509,1,599,Pachinko
9780007527502,1,450,Murder On The Orient Express
9780007527526,1,450,Murder Of Roger Ackroyd
9780007590636,1,399,Postern Of Fate
9780008123208,1,450,And Then There Were None
9780007527571,1,399,Evil Under The Sun
9780008196530,1,399,Body In The Library
9781526614674,1,599,Circe
9780241988725,1,599,The Island Of Missing Trees Shortlisted For The Costa Novel Of The Year Award
9781474623070,1,699,Time Shelter
9781474623070,1,699,Time Shelter
9781529113228,1,499,The Dictionary Of Lost Words The International Bestseller
9789386950000,1,599,Curry How Indian Food Conquered Britain
9781529110685,1,599,On Earth Wr Are Briefly Gorgeous
9780063242821,1,599,The House Of Gucci [movie Tie-in]
9780008567569,1,999,India A History
9789356296084,1,699,A Dismantled State The Untold Story Of Kashmir After Article 370
9789356296084,1,699,A Dismantled State The Untold Story Of Kashmir After Article 370
9781784878290,1,499,The Time Travelers Wife The Time-altering Love Story Behind The Major New Tv Series
9781784878290,1,499,The Time Travelers Wife The Time-altering Love Story Behind The Major New Tv Series
9780143460503,1,450,Indus Basin Uninterrupted A History Of Territory And Politics From Alexander To Nehru
9781529110685,1,599,On Earth Wr Are Briefly Gorgeous
9789356293687,1,399,Landscapes Of Loss The Story Of An Indian Drought
9780007527502,1,450,Murder On The Orient Express
9780007527526,1,450,Murder Of Roger Ackroyd
9781474623070,1,699,Time Shelter
9781474623070,1,699,Time Shelter
9780007527571,1,399,Evil Under The Sun
9781526614674,1,599,Circe
9781529113228,1,499,The Dictionary Of Lost Words The International Bestseller
9781526653253,1,499,By The Sea By The Winner Of The Nobel Prize In Literature 2021
9781405950800,1,499,The Anomaly
9780008539047,1,499,The Maid
9781838930509,1,599,Pachinko
9780007590636,1,399,Postern Of Fate
9789388754705,1,399,A History Of Islam In 21 Women
9789388754057,1,499,Food In Islam
9789391067687,1,399,Ketofast Rejuvenate Your Health With A Step-by-step Guide To Timing Your Ketogenic Meals
9789391067137,1,399,The Real Deal About Your Meal
9789394701090,1,499,Fit At Any Age A Practitioners Guide
9780143453628,4,199,The Richest Man In Babylon
9780670098088,1,499,The Roof Beneath Their Feet
9780670098095,1,599,The Empty Space
9789395073660,1,599,The Nemesis
9789356290150,1,699,Valli A Novel
9780143455554,11,99,Art Of War
9781846045127,1,799,Choice
9780143459828,1,599,In Service Of The Republic The Art And Science Of Economic Policy
9789392099519,1,499,Homeless Growing Up Lesbian And Dyslexic In India
9789388754057,1,499,Food In Islam
9789354894152,1,499,The Last Queen
9788171675913,1,595,India From Curzon To Nehru And After
9789395073417,1,499,Despite The State Why India Lets Its People Down And How They Cope
9789388754705,1,399,A History Of Islam In 21 Women
9789389648263,1,799,Delhi A Soliloquy
9780670097791,1,799,The Great Indian Novel Penguin 35 Collectors Edition
9780143453628,1,199,The Richest Man In Babylon
9781529051438,1,899,Ultimate Hitchhikers Guide To The Galaxy
9781529051438,1,899,Ultimate Hitchhikers Guide To The Galaxy
9789356291133,1,499,Hyderabad Book 2 Of The Partition Trilogy
9789356291133,1,499,Hyderabad Book 2 Of The Partition Trilogy
9789354891953,1,499,Lahore The Partition Trilogy
9780143459675,1,499,The Seven Moons Of Maali Almeida
9780143449546,14,199,As A Man Thinketh
9780063269347,1,550,All About Love New Visions
9789391067632,1,499,God Save The Honble Supreme Court
9789354358913,1,599,R N Kao Gentleman Spymaster
9789389648263,1,799,Delhi A Soliloquy
9789394701373,1,699,Between Hope And Despair 100 Ethical Reflections On Contemporary India
9789356296206,1,499,The Bandit Queens
9789356296893,1,599,Maya Modi Azad Dalit Politics In The Time Of Hindutva
9780143451464,1,399,Degh To Dastarkhwan Qissas And Recipes From Rampur
9789354894152,1,499,The Last Queen
9789382277316,1,450,Em And The Big Hoom
9789382277316,1,450,Em And The Big Hoom
9789392099496,1,499,Spirit Nights
9780007428540,1,699,Game Of Thrones
9780143102434,1,699,Last Mughal
9789393701619,1,599,Cursed Bunny
9788172234980,1,399,Alchemist
9788172234980,1,399,Alchemist
9780143459187,1,399,A Man From Motihari A Novel
9789354407574,1,299,Amrita And Victor
9789395073417,1,499,Despite The State Why India Lets Its People Down And How They Cope
9780143454144,1,250,Essential Reader Sarojini Naidu
9780241381359,1,499,How Democracies Die
9789355207722,1,295,Mahatma Gandhi On Hinduism
9780751536140,1,350,Five People You Meet In Heaven
9780751527377,1,299,Tuesdays With Morrie
9780099549482,1,499,To Kill A Mockingbird
9780751571950,1,399,Finding Chika
9780440351832,1,799,Man And His Symbols
9789393986078,1,399,Get Epic Shit Done
9780670096350,1,599,The Muslim Vanishes
9780670096350,1,599,The Muslim Vanishes
9780670097593,1,299,My India Ideas For The Future Penguin 35 Collectors Edition
9789389152258,1,399,Like Blood On The Bitten Tongue Delhi Poems (hb)
9789389152258,1,399,Like Blood On The Bitten Tongue Delhi Poems (hb)
9780099582076,1,499,Midnight's Children
9780143458159,1,399,The Startup Wife
9780143425557,1,299,Zafarnama Guru Gobind Singh
9780143425557,1,299,Zafarnama Guru Gobind Singh
9789385609565,1,195,Autobiography Of Benjamin Franklin
9789386021915,1,599,Arts Of Seduction
9789386021915,1,599,Arts Of Seduction
9780330418799,1,550,Travels Of Ibn Battutah
9781408715185,1,499,The Bangalore Detectives Club
9780143065883,1,299,Train To Pakistan
9780007580576,1,699,Unbroken
9780143450443,1,450,Chinaman
9780143429012,1,250,Pyre
9789393701619,1,599,Cursed Bunny
9789352777976,1,699,Khullam Khulla (pb)
9789390961856,1,495,Satyajit Ray From Frame To Frame
9789356291416,1,599,Sanjeev Kumar The Actor We All Loved
9789392834653,1,395,Satyajit Ray The Man Who Knew Too Much
9789392834653,1,395,Satyajit Ray The Man Who Knew Too Much
9789356293892,1,699,Hazaar Rang Shaairi The Wonderful World Of The Urdu Nazm
9781786330895,1,599,Ikigai
9780008325992,1,495,The Dog The Wolf And God
9780804855334,1,550,The Ikigai Journey: A Practical Guide To Finding Happiness And Purpose Japanese Way
9789354405495,1,399,Letters To Self
9789354405495,1,399,Letters To Self
9781847923677,1,699,When Breath Becomes Air
9780861546145,1,599,"The Biggest Ideas In The Universe Space, Time And Motion"
9780861546145,1,599,"The Biggest Ideas In The Universe Space, Time And Motion"
9789391028664,1,599,Space Life Matter The Coming Of Age Of Indian Science
9780465025275,1,1199,Six Easy Pieces
9781632861023,1,399,Dont Even Think About It
9780358615293,1,550,The Best American Science And Nature Writing 2022
9781632861023,1,399,Dont Even Think About It
9781632861023,1,399,Dont Even Think About It
9789393701084,1,450,Hachette Science Newsbook
9781529005035,1,799,Shakespeare For Every Day Of The Year
9781526651631,1,799,House Of Sky And Breath Crescent City
9781668010556,1,799,How To Invest Masters On The Craft
9789356294622,1,699,Sultan A Memoir
9789356294622,1,699,Sultan A Memoir
9789351950127,1,399,Gita For Children
9789388302692,1,499,Healing Is The New High
9781529437942,1,799,The Name Game
9789354471278,1,599,Journey After Midnight A Punjabi Life From India To Canada
9789353040345,3,140,As A Man Thinketh
9780008456726,1,799,The Book That Wouldnt Burn Book 1
9781471167942,1,699,Einstein
9780753559581,1,799,The Missing Cryptoqueen
9781847390547,1,699,Einstein
9781471167942,1,699,Einstein
9789814954396,1,499,Iq Eq And Dq New Intelligence In The Ai Age
9789381506356,1,499,Digital Vs Human
9780241616598,1,799,Virtual Society The Metaverse And The New Frontiers Of Human Experience
9780008484392,1,799,Knowing What We Know The Transmission Of Knowledge From Ancient Wisdom To Modern Magic
9780349427386,1,899,"Outrage Machine How Tech Is Amplifying Discontent, Undermining Democracy, And Pushing Us Towards Chaos"
9780141993010,1,799,How To Avoid A Climate Disaster
9780141030906,1,699,Physics Of The Impossible
9781784708283,1,799,21 Lessons For The 21st Century (pb)
9781784708283,1,799,21 Lessons For The 21st Century (pb)
9781784703936,1,799,Homo Deus
9780143453628,1,199,The Richest Man In Babylon
9780143453628,1,199,The Richest Man In Babylon
9780143453628,1,199,The Richest Man In Babylon
9780143453628,1,199,The Richest Man In Babylon
9780143453628,1,199,The Richest Man In Babylon
9780140276053,1,899,Blank Slate
9780141996578,1,699,The Premonition
9780141988870,1,599,Uninhabitable Earth
9780141011110,1,799,Fabric Of The Cosmos
9780141978048,1,899,From Bacteria To Bach And Back
9780141044248,1,699,Physics Of The Future
9781802060522,1,599,How To Prevent The Next Pandemic
9780374539221,1,999,Anatomy Of Genres How Story Forms Explain The Way The World Works
9780099302780,1,799,Guns Germs And Steel
9781786495921,1,499,Natural Health Service
9781409166924,1,599,The Healthy Gut Handbook
9788122201796,1,260,Natural Home Remedies
9789355207968,1,395,Ahalyas Awakening
9789353450885,1,299,12 Week Fitness Project
9789395073127,1,499,Women And The Weight Loss Tamasha
9789356292239,1,399,The Sex Book A Joyful Journey Of Self-discovery
9789356292239,1,399,The Sex Book A Joyful Journey Of Self-discovery
9781784753092,1,599,Fat Is A Feminist Issue
9789395073127,1,499,Women And The Weight Loss Tamasha
9789355204462,1,295,Empowering You Beyond Birthing
9789355204462,1,295,Empowering You Beyond Birthing
9780143447764,3,299,Unparenting Sharing Awkward Truths With Curious Kids
9781529158502,2,599,Hard Work Pays Off Transform Your Body And Mind With Crossfits Five-time Fittest Man On Earth
9781788707138,2,499,How To Talk When Kids Wont Listen
9781787334267,2,799,Food For Life The New Science Of Eating Well
9789389136265,2,650,Eating With History
9780670097685,2,399,Everyday Ayurveda Daily Habits That Can Change Your Life Penguin 35 Collectors Edition
9788193315095,1,1499,Birds Of The Indian Subcontinent
9789391047238,1,499,Adbhut Marvellous Creatures Of Indian Myth And Folklore
9788175994072,1,599,A Naturalist's Guide To The Mammals Of India
9789386538024,1,599,A Naturalists Guide To The Reptiles Of India
9788175994065,1,599,A Naturalist's Guide To The Butterflies Of India
9788172345389,1,599,Birds Of India
9789389178432,1,599,A Naturalists Guide To The Garden Flowers Of India
9788175994089,1,599,A Naturalist's Guide To Thetrees & Shrubs Of India
9781509852505,1,799,How Not To Die
9780143454380,1,299,Yuktahaar The Belly And Brain Diet
9789356292857,1,399,The Body By The Shore
9780143423546,1,299,One Part Woman
9789353450885,1,299,12 Week Fitness Project
9789395073158,1,399,Notes For Healthy Kids
9780143453574,1,299,Boost Your Immune Power With Ayurveda
9780241370261,1,699,Spare Parts An Unexpected History Of Transplants
9780143453000,1,350,Movemint Medicine Your Journey To Peak Health
9789395073097,1,399,Dont Lose Out Work Out!
9789391256418,1,295,Dont Diet Plan
9789356292857,1,399,The Body By The Shore
9780525560883,1,399,A Humans Guide To Machine Intelligence How Algorithms Are Shaping Our Lives And How We Can Stay In Contro
9780143459323,4,499,Leopard Diaries The Rosette In India
9781529053913,1,599,How Stella Learned To Talk
9781529112122,1,599,The Social Instinct What Nature Can Teach Us About Working Together
9781529158502,1,599,Hard Work Pays Off Transform Your Body And Mind With Crossfits Five-time Fittest Man On Earth
9789354352218,1,799,Whats Left Of The Jungle A Conservation Story
9789394613065,1,399,The Archangel Guide To Animal World
9780195627213,1,155,Tree Tops
9789393986658,2,599,Stories Of The True
9780861543649,1,499,Animal Vegetable Criminal When Nature Breaks The Law
9788171674671,1,295,Black Panther Of Sivanipalli
9781398706491,1,699,Beyond Supervet How Animals Make Us The Best We Can Be
9789353040666,1,250,My India
9781913679019,1,1495,A Photographic Guide To The Wildlife Of India
9789390077083,1,599,Born Wild
9788193315095,1,1499,Birds Of The Indian Subcontinent
9780144000708,1,1599,Trees Of Delhi
9788184007572,1,999,Indica
9781786896902,1,1050,Beastly A New History Of Animals And Us
9789395853064,1,599,Death In Shambles A Hill Station Mystery
9789395853064,1,599,Death In Shambles A Hill Station Mystery
9780144000708,1,1599,Trees Of Delhi
9780241415627,1,399,Dragonflies And Damselflies
9780195627213,1,155,Tree Tops
9780241415627,1,399,Dragonflies And Damselflies
9789385755347,1,799,Feast And Fasts A History Of Food In India
9789385755347,1,799,Feast And Fasts A History Of Food In India
9789354474040,1,750,The Rise And Fall Of The Emerald Tigers Ten Years Of Research In Panna National Park
9788171675630,1,295,Man-eaters & Jungle Killers
9789356296770,1,299,Every Creature Has A Story What Science Reveals About Animal Behaviour
9780241415627,1,399,Dragonflies And Damselflies
9788129141859,1,195,Temple Tiger And More
9789393701398,1,699,"The Corbett Papers Biographical, Legal, & Contextual Material On The Life & Career Of Jim Corbett Of Kumaon"
9789350097601,1,999,Indian Mammals
9780241415627,1,399,Dragonflies And Damselflies
9788129141842,1,195,Man Neating Leopard Of Rudraprayag
9788129141842,1,195,Man Neating Leopard Of Rudraprayag
9788129141859,1,195,Temple Tiger And More
9780241415627,1,399,Dragonflies And Damselflies
9780241415627,1,399,Dragonflies And Damselflies
9789350097601,1,999,Indian Mammals
9789393701398,1,699,"The Corbett Papers Biographical, Legal, & Contextual Material On The Life & Career Of Jim Corbett Of Kumaon"
9781503760714,1,1499,Holiday Sing-along Song Book
9781835091937,2,2200,My Big Book Of First Words
9781802490565,1,999,Rainbow Fun Mess-free Foil Art
9780744032390,1,3599,Lego The Magical Companion To The Wizarding World
9781839031984,1,1195,123 Bumper Box Set
9781488950148,1,1599,Art Maker Watercolour Painting (kit)
9781789892024,1,2499,Convertible Tractor Box Set
9781797211596,2,1499,Essential Workers 1000 Piece Puzzle 1000 Pieces
9781648961328,1,1899,At The Beach Puzzle 1000 Piece Puzzle
9781760761912,1,2553,Dinner With Monet A Dinner Date Jigsaw Puzzle By Iratxe Lopez De Munain
9781760762933,1,2553,Dinner With Frida A Dinner Date Jigsaw Puzzle
9781760761950,1,2553,Dinner With Dali A Dinner Date Jigsaw Puzzle By Iratxe Lopez De Munain
9781836534594,1,599,Magic Painting Spooky | Book Hardcover
9781787729339,1,599,Magic Painting Mermaids
9781836530879,1,599,Magic Painting Dinosaurs
9781836534594,1,599,Magic Painting Spooky | Book Hardcover
9781836532996,1,599,Magic Painting Under The Sea
9781836533009,1,599,Magic Painting Magical World
9781836530893,1,599,Magic Painting Princesses
9781836532996,1,599,Magic Painting Under The Sea
9781836531937,1,599,Magic Painting Cute
9781839239496,1,2200,50 First Phonics A Listen And Learn Sound Book! (large First Words Sound Book)
9781839235931,1,2200,My First Look And Find Sound Book Animals
9781839235948,1,2200,My First Look & Find Sound Book Transport
9789369895007,2,399,My Touch And Feel Ocean Animals
9789369896349,1,399,My Touch And Feel Dinosaurs
9781035004584,1,899,The Gruffalo Sound Book
9781488960857,1,899,Junior Kaleidoscope Too Cute Box Set
9781488960864,1,899,Junior Kaleidoscope On The Farm Box Set
9781488960888,1,899,Junior Kaleidoscope Mermaids Box Set
9781839238550,1,2200,Look & Listen Vehicles Sound Book
9781835092118,1,1599,Touch And Feel Dinosaurs
9781839239328,1,2200,100 Button Look & Find Things That Go Words & Sounds
9781839238741,1,1499,Lets Explore The Noisy Wilds! Sound Book
9781839238758,1,1499,Lets Visit Noisy Town! Sound Book
9781839238727,1,1499,Lets Visit Noisy Farm! Sound Book
9781835092279,1,1599,Touch And Feel Garden
9781835096024,1,1699,Learn Together Animals
9781488960888,1,899,Junior Kaleidoscope Mermaids Box Set
9781839238550,1,2200,Look & Listen Vehicles Sound Book
9781835094914,1,2200,My First Look And Listen Sound Book Unicorns
9781839238567,1,2200,Look & Listen Around The World Sound Book
9781839238543,1,2200,Look & Listen Animals Sound Book
9781835096062,1,2200,My First Words Sound Book (bright Books)
9781835092255,1,1599,Touch And Feel Farm
9781839239489,1,2200,100 First Words A Listen And Learn Sound Book!
9781838749842,1,1399,The Great Barrier Reef (earths Incredible Places)
9781838749842,1,1399,The Great Barrier Reef (earths Incredible Places)
9781789890914,1,895,My First 1000 Words
4050847038694,1,1399,Dinosaurs Discoveries Species Extinction
4050847038694,1,1399,Dinosaurs Discoveries Species Extinction
9781526310781,1,899,Dinosaur Infosaurus Killer Dinosaurs (kapak Degisebilir)
9781913520656,1,1808,"Slow Down And Be Here Now More Nature Stories To Make You Stop, Look And Be Amazed By The Tiniest Things"
9781789890761,1,399,Curious Questions & Answers About Space Machines
9789354478444,1,2199,"Birds, Ghosts, Laughter And Trees Ten Beautiful Books Of Poetry And Pictures"
9781409598978,1,999,Questions And Answers About Food (hb)
9781526310781,1,899,Dinosaur Infosaurus Killer Dinosaurs (kapak Degisebilir)
9781472382030,1,499,Toy Story 2
9781835096048,1,1699,Lets Learn Abc
9781835096031,1,1699,Learn Together First Words
9781835092132,1,1599,Touch And Feel Jungle
9781835092262,1,1599,Touch And Feel Safari
9781835093665,1,2200,My First Phonics Sound Book (bright Books)
9781423645924,7,699,Arabian Nights Aladdin And The Wonderful Lamp
9780794445454,3,599,Disney Junior T.o.t.s. Time To Fly! (spin Arounds)
9781488961823,2,999,Sweet Treats Colouring Set With Lap Desk
9781488918513,1,999,Inkredibles Roarsome Dinosaurs Activity Book Lap Desk
9781789899863,1,999,Activity Time! Unicorns And Friends
9781789899856,1,999,Space Activity Pack!
9781802490428,1,699,Scratch And Explore Space
9781802493429,1,699,Scratch & Explore Dinosaurs (spiral Bound)
9781802490091,1,699,Scratch Art Friends Baby Animals
9781802491609,1,699,Dinosaur World (scratch Art Sequins)
9789365695151,1,350,Hug Me Little Bunny
9781836531029,1,799,Wipe-clean Activities Unicorns
9781488962608,1,999,Amazing Axolotls Colouring Set With Lap Dest
9781916532724,1,1299,Safari Friends Colours Activity Book
9781916532724,1,1299,Safari Friends Colours Activity Book
9781916532724,4,1299,Safari Friends Colours Activity Book
9781916532717,1,1250,Ocean Friends 123
9781626867628,8,599,Look At Me! Babys First Book Of Faces
9788195785131,1,499,Tenacity With Dadasaheb Phalke (learning To Be)
9780593377642,1,750,Women In Science
9781529500042,1,699,Guess How Much I Love You In The Sprin
9781529500035,1,699,Guess How Much I Love You In The Summer
9781529500042,1,699,Guess How Much I Love You In The Sprin
9780593377642,1,750,Women In Science
9781423645924,1,699,Arabian Nights Aladdin And The Wonderful Lamp
9780593377642,1,750,Women In Science
9788195899227,1,499,Transformation With Chandro And Prakashi Tomar
9781786281920,1,699,Feeding Time! 4
9788195785148,1,499,Humour With Mario Miranda (learning To Be)
9781409392729,1,1199,Moshi Monsters Moshipedia
9781645172307,4,699,Wheres My Unicorn?
9781626867628,4,599,Look At Me! Babys First Book Of Faces
9781786281562,3,699,Whats Up Fox? Dressing Up 4
9781786284150,2,699,Mountain 4 (making Tracks 2)
9781405268653,2,350,Happy Street Supermarket
9781786284143,1,699,City 4 (making Tracks 2)
9781846439834,1,699,Farm 4 (wheels At Work)
9781846439841,1,699,Construction 4 (wheels At Work)
9781786281944,1,550,Looking Good!
9781786284129,1,699,Desert 4 (making Tracks 2)
9781786284136,1,699,Jungle 4 (making Tracks 2)
9781786284150,1,699,Mountain 4 (making Tracks 2)
9781786284136,1,699,Jungle 4 (making Tracks 2)
9781068338823,1,1290,Hindi Alphabets Varnamala Interactive Trace-and-flip Board Book With English Transliteration
9788195388639,1,699,J Is For Jalebi
9781068338809,1,1190,Natkhat Rang (hindi)
9781835091999,1,1199,At Home! My Pull-tab Sound Book
9789365691351,1,399,The Busy Body Explore Inside
9789365691184,1,399,On The Farm Explore Inside
9789365691351,1,399,The Busy Body Explore Inside
9789365691184,1,399,On The Farm Explore Inside
9780593303832,1,399,Cars And Trucks
9781912756650,1,550,I Want To Be A Ballerina
9789365699531,1,399,Animals At Home Explore Inside
9781642691740,4,599,Baby Bunny
9781642691757,7,599,Fluffy Chick
9789369894420,1,399,Lets Learn Shapes With Pets
9789369898770,1,350,The Sad Squirrel Emotion Board Book
9789369892488,1,350,The Angry Lion Emotion Board Book
9789369892280,1,350,The Happy Sheep Emotion Board Book
9781068338809,1,1190,Natkhat Rang (hindi)
9781529500059,1,699,Guess How Much I Love You In The Autumn
9781529500042,1,699,Guess How Much I Love You In The Sprin
9781529500042,1,699,Guess How Much I Love You In The Sprin
9781912756650,1,550,I Want To Be A Ballerina
9788195388639,1,699,J Is For Jalebi
9781423645924,1,699,Arabian Nights Aladdin And The Wonderful Lamp
9781423645924,1,699,Arabian Nights Aladdin And The Wonderful Lamp
9781647220358,9,699,I Go...beep Beep (iseek)
9781406331264,3,399,Ten Little Fingers And Ten Little Toes
9789355418920,1,495,Believe In Magic Unicorn
9781838526986,3,799,Farmyard Friends (touch & Feel Sounds)
9781452179414,1,899,Snap! Stick Out Your Tongue!
9780794445454,3,599,Disney Junior T.o.t.s. Time To Fly! (spin Arounds)
9781786281548,2,699,Whats Up Penguin? Art 4
9781846437472,3,699,Whats That Noise? Tap! Tap! Guess The Toy! 4
9781444983135,1,499,Oi Dinosaurs! Board Book (oi Frog And Friends)
9781846438653,1,699,Peekaboo! In The Snow! 4
9781846439834,1,699,Farm 4 (wheels At Work)
9781846439827,1,699,Wheels At Work City
9781846437496,1,699,Whats That Noise? Toot! Toot! Guess The Instrument! 4
9781786281944,1,550,Looking Good!
9781786284143,1,699,City 4 (making Tracks 2)
9781786281944,1,550,Looking Good!
9781423645924,1,699,Arabian Nights Aladdin And The Wonderful Lamp
9789357777766,1,499,Recipes From My Heart
9789394407060,1,1299,Eggless Baking With Shivesh
9789395073332,1,699,Extinctions
9789395767613,1,599,Dosai
9789354472787,1,699,Between Heaven And Earth Writings On The Indian Hills
9781526660527,1,699,Himalaya Exploring The Roof Of The World
9781786498298,1,799,The Founders Lead
9789395767491,1,599,Simply South
9781782141983,1,450,The Illustrated Practical Encyclopedia Of Running
9788187108849,1,595,Body Language At Work
9781419714238,1,1927,Frida Kahlo The Gisele Freund Photographs
9789352766338,1,1250,Urben Desi Non Vegetarian
9789392130434,1,1295,The Great Indian Thali Seasonal Vegetarian Wholesomeness
9789348836069,2,450,My Giant Colours And Shapes Train
9789348836670,3,450,My Giant Numbers Train
9781408856772,1,4999,Harry Potter The Complete Collection
9789359857862,1,300,Super Colouring Book For Kids
9780241810224,1,5500,#N/A
9781838523534,1,595,Scratch & Colour Space
9781787720817,1,699,Unicorns Scratch Art
9781802490091,1,699,Scratch Art Friends Baby Animals
9781787720275,1,699,Dinosaurs Scratch Art
9781838523534,1,595,Scratch & Colour Space
9781787724983,1,699,Neon Scratch Art Dreamy Unicorns
9781802492880,1,699,Scratch Art Sparkles I Love Space
9781787724761,1,699,Foil Art Dolly Dressing Princess (sparkly Art - Dolly Dressing)
9781787724976,1,699,Amazing Dinosaurs Neon Scratch Art
9781802491401,1,699,Scratch Art Love
9781802490411,1,699,Scratch And Explore Human Body
9781802491609,1,699,Dinosaur World (scratch Art Sequins)
9781802493429,1,699,Scratch & Explore Dinosaurs (spiral Bound)
9781802494877,1,699,Scratch Art Fluffy Unicorns
9781802490107,1,699,Scratch Art Friends Dinosaurs
9781787724754,1,699,Foil Art Dolly Dressing Mermaid (sparkly Art - Dolly Dressing)
9781338733938,1,599,#N/A
9781802494884,1,699,Scratch Art Fluffy Monsters
9781338726688,1,499,#N/A
9781802497885,1,699,Scratch Art Spiro
9781787720299,1,699,Unicorns Scratch Art
9781802498745,1,699,Stylestopper Etch Art Sketchbook | Art Project
9781787723306,1,699,Unicorn Magic Scratch Art Stickers
9781838523534,1,595,Scratch & Colour Space
9781838523534,1,595,Scratch & Colour Space
9781802491616,1,699,Magical World (scratch Art Sequins)
9782020071765,1,1700,The Sally Lockhart Mysteries (set Of 4 Books)
9782018102440,1,2200,Geronimo Stilton Special Editions Set Of 4 Books Box Set
9782020071734,1,1350,His Dark Materials Trilogy Box Set
9782020071734,1,1350,His Dark Materials Trilogy Box Set
9782020071703,1,3350,Geronimo Stilton The Kingdom Of Fantasy Books 8 To 13 Box Set
9782020071703,1,3350,Geronimo Stilton The Kingdom Of Fantasy Books 8 To 13 Box Set
9781422184059,2,3995,Hbrs 10 Must Reads Set
9782020072526,2,4850,Bone Graphic Novel The Complete Box Set (books 1 To 9)
9782020070928,2,4499,Geronimo Stilton The Journey Through Time Box Of 8 Books Set
9789357312691,1,1095,Timeless Treasures The Gita For Children I The Vedas And Upanishads For Children I The Yoga Sutras For Children
9782018080366,1,1399,The Hunger Games 10th Anniversary Edition Boxed Set 3 Books
9780748136247,1,1499,The Dr Brian Weiss Collection Box
9782018080366,1,1399,The Hunger Games 10th Anniversary Edition Boxed Set 3 Books
9789357312691,1,1095,Timeless Treasures The Gita For Children I The Vedas And Upanishads For Children I The Yoga Sutras For Children
9780748136247,1,1499,The Dr Brian Weiss Collection Box
9782020070676,1,1575,Bad Guys Books 6 To 10 Box Set
9782019072322,1,2899,Captain Underpants Full Color Edition Box Of 7 Books
9782020072496,1,3199,Diary Of A Minecraft Zombie Box Set (books 1 To 10)
9781524765248,1,4999,Magic Tree House Merlin Missions Box Set 1-25
9782020072496,1,3199,Diary Of A Minecraft Zombie Box Set (books 1 To 10)
9782019072339,1,4399,Dog Man Box Of 7 Books Box Set
9781444916430,2,2650,Naughiest Girl Set
9782018042715,1,1740,Maze Runner Box Set Of 5 Books
9782020071727,1,3100,Alan Gratz Collection Of 7 Books Box Set
9782020071727,1,3100,Alan Gratz Collection Of 7 Books Box Set
9782018042715,1,1740,Maze Runner Box Set Of 5 Books
9781444951080,1,2400,St Clares Box Set
9781524765248,1,4999,Magic Tree House Merlin Missions Box Set 1-25
9782020072557,1,2250,Aru Shah Box Set (books 1 To 5)
9782015061719,2,6175,Geronimo Stilton Thea Stilton
9782020070942,2,2699,Dragon Masters Box Of 10 Books
9782018102440,1,2200,Geronimo Stilton Special Editions Set Of 4 Books Box Set
9782020071765,1,1700,The Sally Lockhart Mysteries (set Of 4 Books)
9782020070669,1,1899,Baby Sitters Club Box Set
9781399614931,1,3250,Mistborn Quartet Boxed Set
9781444951080,1,2400,St Clares Box Set
9781399614931,1,3250,Mistborn Quartet Boxed Set
9782020072557,1,2250,Aru Shah Box Set (books 1 To 5)
9782019072339,1,4399,Dog Man Box Of 7 Books Box Set
9782020072564,1,3150,Thea Stilton Box-set (books 21 To 30)
9789354716775,2,995,Bob Books Sight Words (first Grade)
9782020070676,1,1575,Bad Guys Books 6 To 10 Box Set
9782020072564,1,3150,Thea Stilton Box-set (books 21 To 30)
9782019072322,1,2899,Captain Underpants Full Color Edition Box Of 7 Books
9782020070669,1,1899,Baby Sitters Club Box Set
9789383203666,1,750,Shri Bhagvadgita Vol 1 2
9781444951080,2,2400,St Clares Box Set
9781406338430,8,726,#N/A
9781529525212,7,726,#N/A
9781529512380,4,299,Should I Share My Ice Cream?
9781406348279,5,299,Watch Me Throw The Ball!
9781839031984,3,1195,123 Bumper Box Set
9780746098516,3,1299,How Things Work (hb)
9781839130687,4,6999,Elmer Nursery Books Set
9781445147208,7,499,Hippo Owns Up A Book About Telling The Truth
9781445170862,1,499,Koala Makes The Right Choice
9781445158686,8,499,Croc Needs To Wait A Book About Patience
9781445158709,14,499,Rhino Learns To Be Polite A Book About Good Manners
9789352760091,1,125,Dolphin
9781838526986,1,799,Farmyard Friends (touch & Feel Sounds)
9781786708069,1,1299,Animals Of The World (take-a-picture Sounds)
9781781979556,2,1250,Goldilocks And The Three Bears Sound Book With 30 Enchanting Fairy Tale Sounds
9781788104166,1,1295,Speedy Race Car Ready Set Go Sound Book
9781784403799,4,1550,My First Xylophone Book
9781838991821,5,1550,What Can You Hear On The Farm
9780241744895,6,546,#N/A
9780241744918,6,699,Puzzle With Peter Sticker Activity Book (the World Of Peter Rabbit)
9780062982308,6,1454,#N/A
9781786171283,1,3150,Aesops Fables 5 Books Collection
9781645174097,9,1199,Gandhi The Peaceful Protester! (show Me History!)
9781786171290,2,1999,Just So Stories Pack In Five Books
9781801080880,7,899,Brave A Colouring Book For Girls That Can
9780241373408,1,350,Peppa Goes Swimming
9781409312154,1,350,My Mummy
9780723297833,1,299,Peppa Pig Colours With Peppa
9780241347034,1,350,Peppa At The Beach
9780241476444,1,299,Peppa Pig Peppas Muddy Puddle Walk
9789365154740,3,295,1001 Awesome Stickers Things Around Us
9789365156409,2,295,1001 Awesome Stickers All In One
9789365157499,2,295,1001 Awesome Stickers Foods
9789365157253,2,295,1001 Awesome Stickers Animals
9781529513097,1,599,The Nursery Collection Spring
9781529513066,1,599,The Nursery Collection Colours
9781529513066,1,599,The Nursery Collection Colours
9781529513080,1,599,The Nursery Collection Noisy
9781529513080,1,599,The Nursery Collection Noisy
9781529513080,1,599,The Nursery Collection Noisy
9781529513073,1,599,The Nursery Collection All Shapes And Sizes
9781529513073,1,599,The Nursery Collection All Shapes And Sizes
9781529513073,1,599,The Nursery Collection All Shapes And Sizes
9781529513073,1,599,The Nursery Collection All Shapes And Sizes
9781529513042,1,599,The Nursery Collection 123
9781529513042,1,599,The Nursery Collection 123
9781529513127,1,599,The Nursery Collection Opposites
9781529513127,1,599,The Nursery Collection Opposites
9781529513127,1,599,The Nursery Collection Opposites
9781529513042,1,599,The Nursery Collection 123
9781529513042,1,599,The Nursery Collection 123
9781529513042,1,599,The Nursery Collection 123
9781529513134,1,599,The Nursery Collection  Winter
9781529513134,1,599,The Nursery Collection  Winter
9781529513134,1,599,The Nursery Collection  Winter
9781529513134,1,599,The Nursery Collection  Winter
9781529513134,1,599,The Nursery Collection  Winter
9781529513134,1,599,The Nursery Collection  Winter
9781529513028,1,599,My Grandpa Is Amazing
9781529513097,1,599,The Nursery Collection Spring
9781529513097,1,599,The Nursery Collection Spring
9781529513011,1,599,My Grandma Is Wonderful
9781529513011,1,599,My Grandma Is Wonderful
9781529513011,1,599,My Grandma Is Wonderful
9781529513011,1,599,My Grandma Is Wonderful
9781529513011,1,599,My Grandma Is Wonderful
9781529513028,1,599,My Grandpa Is Amazing
9781529513066,1,599,The Nursery Collection Colours
9781529513035,1,599,My Mum Is Fantastic
9781529513035,1,599,My Mum Is Fantastic
9781529513035,1,599,My Mum Is Fantastic
9781529513097,1,599,The Nursery Collection Spring
9781529513097,1,599,The Nursery Collection Spring
9781529513097,1,599,The Nursery Collection Spring
9781529513097,1,599,The Nursery Collection Spring
9781529513110,1,599,The Nursery Collection Autumn
9781529513110,1,599,The Nursery Collection Autumn
9781529513110,1,599,The Nursery Collection Autumn
9781529513110,1,599,The Nursery Collection Autumn
9781529513110,1,599,The Nursery Collection Autumn
9781529513110,1,599,The Nursery Collection Autumn
9781529513059,1,599,My First Abc
9781529513059,1,599,My First Abc
9781529513059,1,599,My First Abc
9781529513059,1,599,My First Abc
9781529513059,1,599,My First Abc
9781529513127,1,599,The Nursery Collection Opposites
9781529513080,1,599,The Nursery Collection Noisy
9781529513011,1,599,My Grandma Is Wonderful
9781529513011,1,599,My Grandma Is Wonderful
9781529513004,1,599,My Dad Is Brilliant
9781529513004,1,599,My Dad Is Brilliant
9781529513004,1,599,My Dad Is Brilliant
9781529513004,1,599,My Dad Is Brilliant
9781529513103,1,599,The Nursery Collection Summer
9781529513103,1,599,The Nursery Collection Summer
9781529513127,1,599,The Nursery Collection Opposites
9781529513127,1,599,The Nursery Collection Opposites
9781529513134,1,599,The Nursery Collection  Winter
9781529513004,1,599,My Dad Is Brilliant
9781529513004,1,599,My Dad Is Brilliant
9781529513080,1,599,The Nursery Collection Noisy
9781529513103,1,599,The Nursery Collection Summer
9781529513103,1,599,The Nursery Collection Summer
9781529513103,1,599,The Nursery Collection Summer
9781529513066,1,599,The Nursery Collection Colours
9781529513066,1,599,The Nursery Collection Colours
9781509801251,1,3499,Julia Donalson Pack
9781509801251,1,3499,Julia Donalson Pack
9781803705071,1,899,Usborne Book And Jigsaw Spy Mazes
9780241741030,1,1400,Spots Little Learning Library
9780241741030,1,1400,Spots Little Learning Library
9780241741030,1,1400,Spots Little Learning Library
9780241733288,1,1299,Bluey And Friends Little Library 4 Board Book Collection Box Set
9780241771167,1,450,The Very Hungry Caterpillars Peekaboo Halloween A Pumpkin-shaped Board Book
9781408374559,1,1299,Octonauts Above & Beyond Boxset Little Library
9780241733288,1,1299,Bluey And Friends Little Library 4 Board Book Collection Box Set
9780241733288,1,1299,Bluey And Friends Little Library 4 Board Book Collection Box Set
9781408374559,1,1299,Octonauts Above & Beyond Boxset Little Library
9780241741030,1,1400,Spots Little Learning Library
9781408374559,1,1299,Octonauts Above & Beyond Boxset Little Library
9780241454022,1,1399,The Very Hungry Caterpillar Box Set
9781789890747,1,399,Curious Questions & Answers About Astronauts
9781789890747,1,399,Curious Questions & Answers About Astronauts
9781789890754,3,399,Curious Questions & Answers About The Moon
9780062982308,1,1454,#N/A
9780500652077,2,1335,Danny Dodo Detective Diary Learn All About Extinct And Endangered Animals
9781805446255,1,699,Never Touch A Sleepy Lion! Never Touch A Sleepy Lion!
9780008491833,4,909,#N/A
9780143453260,2,125,My Little Book Of Ganesha
9789364050968,1,249,My First 100 Things To Learn
9789364051675,1,249,My First Book Of Early Learning Concepts
9789364054720,1,249,My First Book Of Animals
9789364050302,2,249,My First Book Of Human Body
9780241460276,2,699,Read It Yourself With Ladybird Level 1 Box Set
9780241460283,1,699,Read It Yourself With Ladybird Level 2 Box Set
9789348836724,1,450,Carry Along First A B C
9789393701534,1,895,My Very First Stem Library My Very First Stem Book 1
9781838749842,3,1399,The Great Barrier Reef (earths Incredible Places)
9783899557671,2,909,#N/A
9781406395426,1,1299,India Incredible India
9781405288125,5,799,The Little Prince The Enchanting Classic Fable Adapted For Picture Book Readers For The Very First Tim
9781842394380,2,395,Favourite Princess Tales
9781842397312,2,350,Bedtime Stories
9781841359328,3,299,Animal Tales For Bedtime
9781841359311,3,299,Woodland Stories
9781841358123,3,299,My Book Of Favourite Tales & Rhymes
9781406375732,2,750,The British Museum Panorama Pops
9781842709863,5,599,Thats Not Funny!
9781783441723,4,599,"Ready, Steady, Jump!"
9780655236047,5,1250,Numbers Sound Book
9781785573965,13,799,Ultimate Sticker & Activity
9781786706300,1,799,Sticker Activity Book (giant S & A Rid)
9780008620028,1,699,Paw Patrol Ready For School Activity Book Get Set To Start School!
9781419701252,8,799,Babars Celesteville Games Uk Edition
9781797218700,7,599,"Get Up, Stand Up"
9781509862580,9,499,Whatever Next!
9781401242688,1,2250,Batman And Robin Vol. 3 Death Of The Family (the New 52)
9781401250591,1,2250,Batman And Robin (2011-2015) Vol. 5 The Big Burn (batman & Robin Volumes)
9781401265502,1,1699,Green Lantern Corps 1 Edge Of Oblivion
9781401268640,1,1799,Batman 66 Meets The Man From U.n.c.l.e.
9781401234911,1,1299,Red Lanterns (2011-2015) Vol. 1 Blood And Rage
9781848566644,1,1399,Star Trek Nero Vol. 1
9780785189466,1,1299,Cable And X-force Vol. 4 Vendetta Vendettas (marvel Now)
9781934413050,1,1399,Dave Stewart's Walk In
9789380741154,1,450,Zeus And The Rise Of The Olymians
9781848566644,1,1399,Star Trek Nero Vol. 1
9781529519990,7,1299,The Adventures Of Curious George
9781780558837,4,909,#N/A
9781800225381,1,999,Beat The Fairy Squad
9781800225381,1,999,Beat The Fairy Squad
9780702302480,1,799,Outdoor Adventure Handbook
9780702302497,1,799,Explore Nature Things To Do Outdoors All Year Round
9780702314131,1,799,"Sticks, Stars, Dens And Stones Fun Days In The Great Outdoors"
9781789054460,10,899,The Human Body (autumn Activity Packs)
9781801080897,9,799,Fierce A Colouring Book For The Fearless
9780702307287,12,699,My Very Favorite Book In The Whole Wide World
9782764348741,1,1999,Puppy Dog Pals (my Busy Books) Box Set
9781488942532,1,1899,Pop Fashion Designer Tote Bag
9781784409852,1,1050,50 Greatest Card Games
9781785575013,1,1050,Dinosaurs (play Box)
9781399600781,1,3500,My Feelings Bingo
9781399600781,1,3500,My Feelings Bingo
9781488942532,1,1899,Pop Fashion Designer Tote Bag
9782764351161,1,1499,My Busy Books The World Of Eric Carle Box Set
9782764349564,1,1999,My Busy Books (disney Junior Fancy Nancy)
9782764351161,1,1499,My Busy Books The World Of Eric Carle Box Set
9781839031984,1,1195,123 Bumper Box Set
855607007415,6,1199,"Cluckle Free Range Word Game, 2-6 Players, Ages 7+, 15 Minute Gameplay, Multi"
9781785578328,2,899,Little Duck
9781645177739,2,1899,The Science Of Seeing
9781839034718,1,1199,The Wheels On The Bus
9782764352151,1,1499,Bath Time Book Box Set
8809900351418,1,2728,#N/A
8809900351418,1,2728,#N/A
9350375001173,1,2599,Construct It Flexibles - Race Car
9781488961472,1,1599,Creative Journal Kit
9781802490565,1,999,Rainbow Fun Mess-free Foil Art
9781802499155,1,999,Glow In The Dark Neon Art Kit Animals Box Set
9781788102940,1,1195,Cars 3: (happy Tins Disney)
9781788102940,1,1195,Cars 3: (happy Tins Disney)
9781785576881,1,1299,Happy Hair Kit (play Tin Trolls)
9781785574894,1,1050,My Mister Maker Art Kit
9781785574894,1,1050,My Mister Maker Art Kit
9781836531456,2,999,Colour & Carry Sweet Scents Activity Case
9781836531456,1,999,Colour & Carry Sweet Scents Activity Case
9789390472079,1,500,My First Activity Bag 10 Activity Books
9781802490817,1,899,Neon Colouring Activity Case Kit
9781802490817,1,899,Neon Colouring Activity Case Kit
9780735349070,1,1595,Ocean Life 1000pc Family Puzzle En 1999-1-1 And -1-4
9781805071211,1,899,Book And Jigsaw Under The Sea
9781805071211,1,899,Book And Jigsaw Under The Sea
9781803705071,1,899,Usborne Book And Jigsaw Spy Mazes
9781474960298,1,999,Usborne Book And Jigsaw The Solar System
9781523514779,1,2150,Sandra Boynton Hippo Birdie Two Ewe 300-piece Birthday Puzzle
9781523514779,1,2150,Sandra Boynton Hippo Birdie Two Ewe 300-piece Birthday Puzzle
9781915356109,1,895,My Little Bedtime Bath Book
9781805134930,1,799,Babys First Cloth Book Cuddly Lion
9781915356123,1,899,Splish Splash! Ocean
9781915356109,1,895,My Little Bedtime Bath Book
9781915356109,1,895,My Little Bedtime Bath Book
9781915356123,1,899,Splish Splash! Ocean
9781915356109,1,895,My Little Bedtime Bath Book
9781915356123,1,899,Splish Splash! Ocean
9781915356109,1,895,My Little Bedtime Bath Book
9781915356116,1,895,My Little Seaside
9781788102988,1,1299,Bathtime Play Set (book & Duck Ltikes)
9781788102988,1,1299,Bathtime Play Set (book & Duck Ltikes)
9781788102988,1,1299,Bathtime Play Set (book & Duck Ltikes)
9781488961472,1,1599,Creative Journal Kit
9781488961229,1,1599,Ultimate Kawaii Colouring Kit
9781488964558,1,1499,Ultimate Origami Kit
9781786705068,1,1099,Messy Play Tin (play Tin Shaped Ltikes)
9781786704627,1,1099,Digger Friends (play Tin Shaped Jcb)
9781786704627,1,1099,Digger Friends (play Tin Shaped Jcb)
9781786704627,1,1099,Digger Friends (play Tin Shaped Jcb)
8904279509726,1,749,Skillmatics Sizzle - Classic Magnetic Attraction Toy
9780711280328,4,1699,Build A Working Maglev Train Magnetic Science Plus 8 Other Magnetic Experiments Box Set
9788198484826,1,1499,Kiddale (hindi)
9788198523921,1,1499,Kiddale My Sing Along Coloring Book
9788198523945,1,1499,Kiddale My Sing Along Activities Book
9789948751441,1,1499,Kiddale Narsari Geeto Ka Safar (hindi)
9788198523976,1,1499,"Kiddale My Festivals, My Songs"
9789390472079,1,500,My First Activity Bag 10 Activity Books
9789948801917,1,1199,Kiddale Childrens English Essentials
9788198523907,1,1499,Kiddale Sing And Learn Good Habits
9789948751656,1,1199,Kiddale Learn Hindi While Playing (hindi)
9789948801917,1,1199,Kiddale Childrens English Essentials
9789948803270,1,1499,Kiddale Phonics For The Little One
9350375001173,1,2599,Construct It Flexibles - Race Car
9781488942532,1,1899,Pop Fashion Designer Tote Bag
9350375011158,1,2399,Construct-it Buildables 2-in-1 Forestry Vehicles Set
9780143452935,1,299,"Ritual Daily Practices For Wellness, Beauty & Bliss"
9789391800031,1,499,The Making Of A Chief Justice Of India
9780711280328,1,1699,Build A Working Maglev Train Magnetic Science Plus 8 Other Magnetic Experiments Box Set
9781784409852,1,1050,50 Greatest Card Games
9350375011158,1,2399,Construct-it Buildables 2-in-1 Forestry Vehicles Set
9781789471489,1,1299,"Pants, Pants, Pants! The Wacky Wash Day Game"
9781916532717,1,1250,Ocean Friends 123
9781399600781,1,3500,My Feelings Bingo
9350375001173,1,2599,Construct It Flexibles - Race Car
9354537016098,1,999,Mindbogglers 1000pc Jigsaw Taj Mahal | For Adults & Kids Above 8 Years | Realistic Illustrations - Fun And Challengin
9354537003647,1,999,"Mindbogglers 1000pc Jigsaw: The Grand Canal, Venice"
9781399601665,1,2199,"The Real Women Of Greek Myths A 1,000 Piece Jigsaw Puzzle"
9780525555094,1,499,Fauja Singh Keeps Going
9788000059303,1,999,Amazing Animals Of The World
9789394407190,1,499,Parvati The Elephants Very Important Day
9781771646079,1,1250,We All Play
9781908714930,1,1265,Grandmas House Of Rules
9781529502572,1,599,The Circles In The Sky
9780399246524,1,599,Each Kindness Jane Addams Award Book (wards
9780823446247,1,799,Watercress
9780241461426,1,699,Get To Know Money
9781474997621,1,850,Can We Really Help The Bees?
9780241409466,1,1999,Games Book
9789352764068,1,595,365 Nature Stories (hb)
9789384625931,1,595,365 Facts About The Human Body
9788187107569,1,695,365 Folk Tales
9789383202812,1,595,365 Science Experiments (hb)
9781801319911,1,850,Can We Really Help The Trees?
9781488942532,3,1899,Pop Fashion Designer Tote Bag
9780007526963,3,1999,Biggest Word Book Ever
9783899557671,1,909,#N/A
9789348784483,1,1495,Detective Col Zoro Mystery Novellas Box Set
9780008659561,1,1399,"The World Of David Walliams The Worlds Worst Children 1, 2 & 3 Box Set"
9780375822667,1,1999,Magic Tree House Volumes 5-8 Boxed Set
9780375822667,1,1999,Magic Tree House Volumes 5-8 Boxed Set
9780375822667,1,1999,Magic Tree House Volumes 5-8 Boxed Set
9782020072489,1,2699,Dragon Masters Books 11 To 20 (a Branches Book)
9780008713584,1,3599,The Naughtiest Unicorn Collection
9780702306167,1,2199,Goosebumps Slappyword Box Set
9781529503272,1,3999,World Of Anna Hibiscus 8 Books Collection Box Set
9781444965018,1,1350,The Magic Faraway Tree 3 Copy Collection
9781444965018,1,1350,The Magic Faraway Tree 3 Copy Collection
9780399549564,1,1750,Magic Tee House Volumes 25-28 Boxed Set
9781407135182,1,4999,Horrible Geography With The Gritty Bits Left In 10 Book Set
9780008620486,1,499,Never Never
9781398521179,1,499,Finding Perfect
9781398521124,1,599,Maybe Now
9781398521124,1,599,Maybe Now
9781398521124,1,599,Maybe Now
9780008620486,1,499,Never Never
9781476715926,1,499,Point Of Retreat A Novel (slammed)
9781529109887,1,699,Anthropocene Reviewed
9781398525122,1,599,Heart Bones
9781476746555,1,599,Losing Hope
9781398525122,1,599,Heart Bones
9781476753188,1,499,Ugly Love
9781501110368,1,499,It Ends With Us
9781501176838,1,599,Confess
9781398518179,1,699,It Starts With Us
9781398518179,1,699,It Starts With Us
9781398518179,1,699,It Starts With Us
9780008644079,1,5999,Pokemon Super 15 Book Collection
9780008644079,1,5999,Pokemon Super 15 Book Collection
9780603579882,1,2399,Naughtiest Unicorn 5 Book Pack
9781444965117,1,3450,Enid Blyton The Magical Adventures Collection 6 Book Box-set
9781444965018,1,1350,The Magic Faraway Tree 3 Copy Collection
9781444968088,1,1599,The Wishing Chair 3 Copy Box Set
9781444968088,1,1599,The Wishing Chair 3 Copy Box Set
9781465481214,1,8999,Lego Dc Super Heroes Collection Box Set
9789353765453,1,2388,Encyclopedia Of Amazing Questions And Answers 12 Books Box S
9780141364131,1,2499,Heroes Of Olympus 5 Copy Slipcase
9789356295520,1,1095,The Gopi Diaries Boxset
9789356295520,1,1095,The Gopi Diaries Boxset
9781788107211,1,699,My Aswsome Holidays (colouring Grab Bag)
9781786705228,1,599,Shopkins Fun
9789380069029,1,350,Shidi Vinayak Sri Ganesha
9789384225247,1,275,Sardar Vallabhbhai Patel
9789381607824,1,350,Festivals Of India (hindi)
9789380069074,1,250,Divya Fakir Sai Baba
9789380069012,1,350,Shri Krishna Govind Gopal
9788187107965,1,275,Treasure Trove Of Arabian Nights
9789385252983,1,350,5 Minute Tales Christmas Stories
9789384225070,1,395,Gautama Buddha
9789384225070,1,395,Gautama Buddha
9789384225223,1,295,Munshi Premchand
9789353763398,1,295,Muhammad The Last Prophet In Hindi
9789381607930,1,275,Story From The Bible
9789382607595,1,350,Lord Rama
9789382607595,1,350,Lord Rama
9789380070001,1,250,Narad Muni (hb)
9789353763398,1,295,Muhammad The Last Prophet In Hindi
9788187107811,1,350,Animal Stories
9789382607700,1,275,Jawaharlal Nehru (english)
9789380069975,1,275,Subhas Chandra Bose Netaji
9788187108436,1,350,Guru Nanak The First Sikh Guru
9789384225223,1,295,Munshi Premchand
9789384225209,1,295,Rabindranath Tagore
9788187108412,1,250,Tirupati Balaji
9789380070353,1,350,Timeless Tales From Panchatantra
9789381607381,1,395,Monsrer Stories
9789381607381,1,395,Monsrer Stories
9789386108319,1,295,5 Minute Dinosaur Stories
9789386108319,1,295,5 Minute Dinosaur Stories
9788187107811,1,350,Animal Stories
9789385273025,1,295,5 Minute Arabian Nights
9789385273025,1,295,5 Minute Arabian Nights
9788187107958,1,275,Adventures Of Arabian Nights
9788187107958,1,275,Adventures Of Arabian Nights
9789382607878,1,295,5 Minute Animal Stories
9789381607190,1,295,Moral Stories (hb)
9789353766382,1,325,My Encyclopedia Of Space What Why How When
9781405351782,1,899,"Pop Up, Pull Out Space Book"
9789352765096,1,695,The Solar System
9789381607930,1,275,Story From The Bible
9789386108326,1,295,5 Minute Magical Stories
9789382607687,1,395,Mother Terasa
9789380070032,1,395,Hahavir The Twenty Fourth Tirthankara (hb)
9789380070803,1,275,Bhagat Singh (hb)
9788187107903,1,350,My Fourth Book Of Panchatantra
9788187107903,1,350,My Fourth Book Of Panchatantra
9789353767662,1,295,Story Book Panchatantra Masti Bhari Kahaniya In Hindi
9789353767662,1,295,Story Book Panchatantra Masti Bhari Kahaniya In Hindi
9789380069067,1,250,Sherawali Mata Vesnodevi
9789353763428,1,350,5 Minute Arabian Nights (hindi)
9789381607824,1,350,Festivals Of India (hindi)
9788187107965,1,275,Treasure Trove Of Arabian Nights
9789382607137,1,195,Bible Story (hindi)
9789382607137,1,195,Bible Story (hindi)
9789353763428,1,350,5 Minute Arabian Nights (hindi)
9788187108429,1,275,Sai Baba The Divine Fakir
9789382607724,1,350,Swami Vivekananda
9789385252983,1,350,5 Minute Tales Christmas Stories
9789382607885,1,295,5 Minute Fairy Tales
9789380070803,1,275,Bhagat Singh (hb)
9789384225209,1,295,Rabindranath Tagore
9789382607700,1,275,Jawaharlal Nehru (english)
9789384225247,1,275,Sardar Vallabhbhai Patel
9789380069067,1,250,Sherawali Mata Vesnodevi
9789380069043,1,250,Mhashaktishali Devi
9789384225179,1,295,Bhimrao Ramji Ambedkar (hindi)
9789380069975,1,275,Subhas Chandra Bose Netaji
9789384225254,1,295,Sardar Vallabhbhai Patel (hindi)
9789384225254,1,295,Sardar Vallabhbhai Patel (hindi)
9789384225179,1,295,Bhimrao Ramji Ambedkar (hindi)
9789380070032,1,395,Hahavir The Twenty Fourth Tirthankara (hb)
9789381607268,1,250,Shahid-e-aazam Bhagat Singh
9789381607268,1,250,Shahid-e-aazam Bhagat Singh
9789381607268,1,250,Shahid-e-aazam Bhagat Singh
9788187108375,1,350,Shiva The Destroyer Of All Evil
9788187108375,1,350,Shiva The Destroyer Of All Evil
9788187108382,1,350,Devis The Mother Goddesses
9789353763794,1,350,Short Stories From Islam
9789353763794,1,350,Short Stories From Islam
9789380069012,1,350,Shri Krishna Govind Gopal
9788187108436,1,350,Guru Nanak The First Sikh Guru
9789350467671,1,150,Gajapati Kulpati
9789389203912,1,150,Gajapati Kulapati
9789350465127,1,150,Gajapati Kulapati Kalabalooosh! (hindi)
9781842394694,1,350,Favourite Classic Stories
9781447220145,1,499,Paper Dolls
9781035073207,1,499,The Rhyming Rabbit 15th Anniversary Edition
9781509812523,1,450,The Snail And The Whale
9780007263899,1,450,Stuck
9789382454052,1,255,Gatila Lisa D
9789347125829,1,150,Ek Talab Kiska Ghar
9788196748104,1,150,Nanha Gajapati Kulapati – Kweee! (hindi)
9781408350072,1,399,Free-range Freddy
9781408350072,1,399,Free-range Freddy
9788196748166,1,185,Little Gajapati Kulapati Kweeeeeee!
9789350465110,1,185,Gajapati Kulapati Kalabalooosh! (english)
9788181460189,1,185,Why Why Girl
9780241703328,1,599,A Really Short History Of Nearly Everything
9780241703328,1,599,A Really Short History Of Nearly Everything
9780143452423,1,699,A Childrens History Of India In 100 Objects
9780241619452,1,599,Unstoppable Us Volume 1 How Humans Took Over The World
9780241767009,1,599,"Unstoppable Us, Volume 3 How Enemies Become Friends"
9780241667828,1,599,Unstoppable Us Volume 2 Why The World Isnt Fair
9789382607878,1,295,5 Minute Animal Stories
9789386108326,1,295,5 Minute Magical Stories
9780241185322,1,699,Dk Readers L2 Star Wars Rebels Beware The Inquisitor
9780241185322,1,699,Dk Readers L2 Star Wars Rebels Beware The Inquisitor
9780241185322,1,699,Dk Readers L2 Star Wars Rebels Beware The Inquisitor
9780241185322,1,699,Dk Readers L2 Star Wars Rebels Beware The Inquisitor
9781772290189,1,599,The Bored Book
9781783445912,1,699,Jamals Journey
9781783445912,1,699,Jamals Journey
9781406300741,1,199,Mr Large In Charge
9781406300741,1,199,Mr Large In Charge
9781844285273,1,699,A Quiet Night In
9781406380262,1,595,"Cant You Sleep, Little Bear?"
9781842708804,1,599,Old Dog
9781406318708,1,599,Bears In The Forest (nature Storybooks)
9781406372663,1,599,Bears In Bath
9781406372670,1,599,Bears And A Birthhday
9780711263116,1,599,Princess Kevin
9781406349795,1,599,Walker Books Wheres My Teddy?
9781844285341,1,699,All In One Piece
9781842709863,1,599,Thats Not Funny!
9781406372670,1,599,Bears And A Birthhday
9781406300741,1,199,Mr Large In Charge
9781772290189,1,599,The Bored Book
9781406372663,1,599,Bears In Bath
9780340841716,1,899,Oscar Wilde Stories For Children
9781406380262,1,595,"Cant You Sleep, Little Bear?"
9781529504675,1,699,A Busy Day For Birds
9781406380262,1,595,"Cant You Sleep, Little Bear?"
9781406380262,1,595,"Cant You Sleep, Little Bear?"
9781406372687,1,599,Bears In Band
9781849393041,1,799,One World
9780228102687,1,699,"Big Horses, Little Horses A Visual Guide To The Worlds Horses And Ponies (big And Little)"
9781849395434,1,599,The Wreck Of The Zephyr
9781797218700,1,599,"Get Up, Stand Up"
9780702307287,1,699,My Very Favorite Book In The Whole Wide World
9780702307287,1,699,My Very Favorite Book In The Whole Wide World
9781912076901,1,699,Happily Ever After The Little Mermaid Five
9780702307287,1,699,My Very Favorite Book In The Whole Wide World
9781524791209,1,975,Raise Your Hand
9781406368239,1,999,Home In The Rain
9781609929275,1,999,A Journey Through The Weather
9780500651537,1,1499,"Stay, Benson!"
9780500651537,1,1499,"Stay, Benson!"
9781423654391,1,899,Llamacorn Saves The Day
9780807563304,1,699,Is It Passover Yet?
9781419746550,1,1375,Our Little Kitchen
9788183616348,1,250,Boski Ka Panchtantra
9781529088861,1,799,The Librarian Of Auschwitz
9789351777472,1,499,Tales Of Young Gandhi
9781582464503,1,599,The Invisible Boy
9780008326067,1,350,Paddington The Artist
9789352759866,1,395,Girl Power
9781406393569,1,1199,"Numbers, Colours, Opposites, Shapes And Me! A Pop-up Book"
9780241542217,1,699,Bench (hb)
9780099451549,1,399,Angel Pavement
9780241481356,1,550,The Met Faith Ringgold Narrating The World In Pattern And Colour
9781838914325,1,850,When You Joined Our Family
9781728222615,1,899,Dear Grandma
9781783449521,1,850,Old Macdonald Had A Phone
9780500651537,1,1499,"Stay, Benson!"
9780711263833,1,999,Friends Change The World We Are The Nasa Scientists Volume 4
9780807594483,1,899,Remembering Barkley
9780500651537,1,1499,"Stay, Benson!"
9781406393569,1,1199,"Numbers, Colours, Opposites, Shapes And Me! A Pop-up Book"
9781984830395,1,799,Welcome Flower Child The Magic Of Your Birth Flower
9781909263307,1,999,The Best Book In The World
9781911171300,1,1299,Big Hid
9780789212467,1,799,Zoe The Zebra
9781419725593,1,1599,Ruth Bader Ginsburg The Case Of R.b.g. Vs. Inequality
9789359542188,1,699,"And Yet You Shine The Kohinoor Diamond, Colonization, And Resistance"
9780807594483,1,899,Remembering Barkley
9781908985309,1,999,The Polar Pack With 5 Paper Animals And Scenery To Make (mibo)
9781908985491,1,999,The Forest Folk With 5 Paper Animals And Scenery To Make
9781908985491,1,999,The Forest Folk With 5 Paper Animals And Scenery To Make
9781908985477,1,999,The Sky Guys (mibo)
9781908985477,1,999,The Sky Guys (mibo)
9781419725593,1,1599,Ruth Bader Ginsburg The Case Of R.b.g. Vs. Inequality
9781419725593,1,1599,Ruth Bader Ginsburg The Case Of R.b.g. Vs. Inequality
9781913519360,1,1699,Around The World In 80 Trees
9781398802728,1,999,"Lets Explore! The Ocean 4 (lets Explore!, 4)"
9781419725593,1,1599,Ruth Bader Ginsburg The Case Of R.b.g. Vs. Inequality
9780789212467,1,799,Zoe The Zebra
9781838526368,1,909,#N/A
9780063056923,1,899,One Day
9781837713073,1,886,#N/A
9781605372020,1,899,Things To Remember
9781838919672,1,1299,Mr Nortons New Truck
9781803380315,1,1099,The Adventures Of Tom Sawyer
9781419700309,1,999,Tilly The Trickster
9780399246531,1,1399,Day You Begin (hb)
9781406373073,1,999,Play
9781419700309,1,999,Tilly The Trickster
9780399246531,1,1399,Day You Begin (hb)
9781605373652,1,999,Just The Right Size
9781946764256,1,799,Mr Pack Rat Really Wants That
9781803380315,1,1099,The Adventures Of Tom Sawyer
9788197234743,1,175,Will Goondi Come Home? (hindi)
9788181467126,1,150,Tumne Kya Dekha (hindi)
9788181460202,1,150,Kui Kui Ladki (hindi)
9788197234743,1,175,Will Goondi Come Home? (hindi)
9789389203813,1,175,Srinivasa Ramanujan Friend Of Numbers (hindi)
9788119626595,1,250,Ek Nuksandayi Nali (hindi)
9788197234743,1,175,Will Goondi Come Home? (hindi)
9789349993853,1,250,Sheela Ke Do Ghar
9788197234743,1,175,Will Goondi Come Home? (hindi)
9788197234743,1,175,Will Goondi Come Home? (hindi)
9780143466642,1,250,We The Children Of India (hindi)
9789353094577,1,85,How To Solve A Problem Like Himani (marathi)
9789350642931,1,70,Panchatantra Vol 4 Hindi
9788181469533,1,125,Siri Ki Muskan (hindi)
9789349993853,1,250,Sheela Ke Do Ghar
9788186895450,1,150,Kali Aur Dhamin Sarp
9789389203714,1,275,Zakir And His Tabla Dha Dhin Na (hindi)
9780143466642,1,250,We The Children Of India (hindi)
9788181463524,1,175,My Mother Sari (hindi)
9789350468142,1,175,Gone Grandmother (hindi)
9788181464064,1,150,Ismat Ki Eid (hindi)
9789347125430,1,150,Kitchen Set
9789349993853,1,250,Sheela Ke Do Ghar
9781474986298,1,550,Planet Earth Activity Book
9780241446959,1,599,Wonderful Things You Will Be (hb)
9789386667083,1,175,Jungle Storytelling Festival Hindi
9788197234743,1,175,Will Goondi Come Home? (hindi)
9789389203714,1,275,Zakir And His Tabla Dha Dhin Na (hindi)
9788197715136,1,175,The Monster At The Window (hindi)
9788197664595,1,125,Hathi Ka Baccha
9788197234743,1,175,Will Goondi Come Home? (hindi)
9789350467114,1,175,Salim The Knife Sharpener
9789348497659,1,199,Ek Talab Kiska Ghar
9788169235884,1,125,Eidgaha
9789382454564,1,175,Sonam's Ladakh Hindi
9788189020729,1,225,Satyadas Hindi
9789350466940,1,150,Dungi Dance Hindi
9788189020859,1,145,Autorickshaw Ke Sang
9780143466642,1,250,We The Children Of India (hindi)
9788119626595,1,250,Ek Nuksandayi Nali (hindi)
9788181464064,1,150,Ismat Ki Eid (hindi)
9780143481508,1,199,My First Hindi Readers Safar Par Chal
9789348497130,1,99,Kahi Nahi
9789389203714,1,275,Zakir And His Tabla Dha Dhin Na (hindi)
9789350465127,1,150,Gajapati Kulapati Kalabalooosh! (hindi)
9789350469460,1,175,Thambi Ke Saath Sair (hidni)
9788181460202,1,150,Kui Kui Ladki (hindi)
9788181460202,1,150,Kui Kui Ladki (hindi)
9789389203714,1,275,Zakir And His Tabla Dha Dhin Na (hindi)
9789382454700,1,175,One Own Yet Different
9789390834969,1,175,Jokhu And The Big Scare/jokhu Ka Daraavna Dar (hindi)
9789392088155,1,299,Aasha Ki Nanhi Kirnein
9788181464064,1,150,Ismat Ki Eid (hindi)
9780143466642,1,250,We The Children Of India (hindi)
9789390834471,1,195,Ammu Ki Botal Nauka (hindi)
9789350467947,1,150,When Bholu Came Back Hindi
9788197234743,1,175,Will Goondi Come Home? (hindi)
9789350469460,1,175,Thambi Ke Saath Sair (hidni)
9789390834471,1,195,Ammu Ki Botal Nauka (hindi)
9789347125683,1,150,Chakadi Gaon Ka Jadoo
9788197234743,1,175,Will Goondi Come Home? (hindi)
9789390834471,1,195,Ammu Ki Botal Nauka (hindi)
9789349993853,1,250,Sheela Ke Do Ghar
9789350466483,1,175,Wings To Fly (hindi)
9789350466858,1,175,The Boy Who Asked Why Hindi
9788197715136,1,175,The Monster At The Window (hindi)
9789350466858,1,175,The Boy Who Asked Why Hindi
9789389203073,1,175,Runaway Peacock (hindi)
9789348497345,1,125,Rahasya
9788181467126,1,150,Tumne Kya Dekha (hindi)
9788196748104,1,150,Nanha Gajapati Kulapati – Kweee! (hindi)
9789347125829,1,150,Ek Talab Kiska Ghar
9789350467947,1,150,When Bholu Came Back Hindi
9788181463524,1,175,My Mother Sari (hindi)
9788181467126,1,150,Tumne Kya Dekha (hindi)
9789389104493,1,250,The Gruffalo (hindi)
9788194838142,1,150,Noon Chai And A Story (hindi)
9789350467114,1,175,Salim The Knife Sharpener
9789347125034,1,75,Chanchal Fluffy
9789350465127,1,150,Gajapati Kulapati Kalabalooosh! (hindi)
9788196748104,1,150,Nanha Gajapati Kulapati – Kweee! (hindi)
9789389104264,1,250,Room On The Broom (hindi)
9789349993525,1,150,Gajapati Kulapati Kharrrrr! (hindi)
9780143481515,1,199,My First Hindi Readers Yash Gaj Par
9788197234750,1,175,Murga Hai Par Baang Nahin (hindi)
9789390834471,1,195,Ammu Ki Botal Nauka (hindi)
9788181460776,1,175,Phad Jisey Ek Chidiya Sy Pyaar Hua
9789390834471,1,195,Ammu Ki Botal Nauka (hindi)
9788181468369,1,150,Gajapati Kulapati (hindi)
9780500651070,1,899,Dottys First Book
9780500651070,1,899,Dottys First Book
9781406380262,1,595,"Cant You Sleep, Little Bear?"
9788181464064,1,150,Ismat Ki Eid (hindi)
9781787416352,1,699,Wall
9788181469809,1,135,Mala Ki Chandi Ki Payal (hindi)
9780143466642,1,250,We The Children Of India (hindi)
9788197715136,1,175,The Monster At The Window (hindi)
9780330522762,1,499,Cave Baby
9780500651070,1,899,Dottys First Book
9780500651070,1,899,Dottys First Book
9781529504101,1,450,Out Of The Blue How Animals Evolved From Prehistoric Seas
9781481428910,1,499,Grandfather Gandhi
9781913520175,1,731,Old Enough To Save The Planet With A Foreword From The Leaders Of The School Strike For Climate Change
9781529069297,1,550,Long Walk To Freedom Illustrated Childrens Edition
9789387004054,1,299,Peter Rabbit
9781848698673,1,499,Moon
9781788816298,1,499,Sea A World Beneath The Waves
9781788813679,1,599,Aladdin
9781801041713,1,550,Home Is Where The Heart Is
9781406394573,1,650,Pearl Goes To Preschool
9780593480328,1,399,"Sorry, Grown-ups, You Cant Go To School! 2"
9781529506761,1,450,The Boy With Flowers In His Hair
9781406373202,1,550,The Tree An Environmental Fable
9780008587888,1,599,Moons Ramadan
9780152244361,1,399,Eating The Alphabet
9780007413577,1,399,Oh The Places Youll Go
9781526614711,1,399,Pirate Stew
9781408349212,1,399,The Way Home For Wolf
9781529504057,1,399,Ellies Dragon
9781406372977,1,599,The White Cat And The Monk A Retelling Of The Poem Pangur Ban
9781782854210,1,1305,The Story Tree
9788189059170,1,499,Bhimayana
9781529511888,1,450,Ada And The Galaxies
9781529511888,1,450,Ada And The Galaxies
9781529511888,1,450,Ada And The Galaxies
9781529513295,1,399,"Mum, Me And The Mulberry Tree"
9781743624777,1,395,Pig The Pug
9780007182343,1,450,Heart And The Bottle
9780008538071,1,499,The Little Fear
9781068338809,1,1190,Natkhat Rang (hindi)
9788195899227,1,499,Transformation With Chandro And Prakashi Tomar
9781915167156,1,550,On The Way To School
9780008124441,1,499,The Day The Crayons Came Home
9780241444276,1,399,Harriet The Strongest Girl In The World
9780143455004,1,250,We All Celebrate!
9781848693166,1,499,Bee Natures Tiny Miracle
9781529511888,1,450,Ada And The Galaxies
9780593568798,1,399,Just Like Me
9788193369654,1,299,How The Zebra Got Its Stripes
9780007182299,1,550,#N/A
9780007182329,1,450,Way Back Home
9780008382216,1,599,What We Wll Build
9780007420728,1,650,#N/A
9780008747046,1,450,#N/A
9781406300741,1,199,Mr Large In Charge
9780007420704,1,699,#N/A
9780007420667,1,550,Hueys In The New Jumper
9781406300741,1,199,Mr Large In Charge
9781406349795,1,599,Walker Books Wheres My Teddy?
9780007420667,1,550,Hueys In The New Jumper
9781509804757,1,450,The Gruffalo
9781035035199,1,499,What The Ladybird Heard 15th Anniversary Edition
9780007263851,1,450,Up And Down
9781529042528,1,499,Freddie And The Fairy
9781529042528,1,499,Freddie And The Fairy
9781529048155,1,599,Counting Creatures
9780330522762,1,499,Cave Baby
9781509804764,1,450,The Gruffalo's Child
9781509812486,1,450,Charlie Cook's Favourite Book
9781509812493,1,450,Monkey Puzzle
9781509804788,1,450,Squash And A Squeeze
9780241528631,1,399,When I Am Gone A Picture Book About Grief
9781406386424,1,399,Julian Is A Mermaid
9780143460114,1,399,Diversity
9788193388921,1,399,Tale Of Babban Hajjam
9788193388914,1,399,Sadiq Wants To Stitch
9789350466841,1,215,The Boy Who Asked Why
9789380262963,1,450,Story Of Tansen
9788193287835,1,400,Ambadass Dancing Brush Art Explorations
9789386887061,1,450,Secret Tales From The Himalayas
9788193287804,1,400,Razas Bindu Art Explorations
9788181903112,1,250,Farmer Falgu
9780593232880,1,399,Nana The Great Comes To Visit
9788193388969,1,499,Star Struck
9781582464503,1,599,The Invisible Boy
9780689710605,1,399,Mice Twice
9780689710605,1,399,Mice Twice
9781772274325,1,1350,The Ugly Place
9780593234426,1,499,I Know Who I Am
9780143331513,1,250,We The Children Of India The Preamble To Our Constitution
9788195785155,1,499,Perseverance With Janaki Ammal
9781529108446,1,1499,"Always Remember The Boy, The Mole, The Fox, The Horse And The Storm"
9781529197686,1,1399,The Boy The Mole The Fox And The Horse The Animated Story
9781529197686,1,1399,The Boy The Mole The Fox And The Horse The Animated Story
9780241585382,1,1299,The Journey A Big Panda And Tiny Dragon Adventure
9780241529324,1,999,Big Panda And Tiny Dragon (hb)
9780702314131,1,799,"Sticks, Stars, Dens And Stones Fun Days In The Great Outdoors"
9781419750199,1,1250,Spookytale (an Abrams Trail Tale) A Halloween Adventure
9780702302480,1,799,Outdoor Adventure Handbook
9780241366912,1,550,What A Waste Rubbish Recycling And Protecting Our Planet
9780241366912,1,550,What A Waste Rubbish Recycling And Protecting Our Planet
9780241366912,1,550,What A Waste Rubbish Recycling And Protecting Our Planet
9781474989886,1,799,Lift-the-flap Questions & Answers How Does It Work?
9781474989886,1,799,Lift-the-flap Questions & Answers How Does It Work?
9781474989886,1,799,Lift-the-flap Questions & Answers How Does It Work?
9781474989886,1,799,Lift-the-flap Questions & Answers How Does It Work?
4050847038694,1,1399,Dinosaurs Discoveries Species Extinction
9781784408206,1,1050,My First Treasury Of Dinosaur Tales
9780241533499,1,699,The Bedtime Book Of Animals Take A Peek At More Than 50 Of Your Favourite Animals
9780746098516,1,1299,How Things Work (hb)
9780746098516,1,1299,How Things Work (hb)
9780241758861,1,1999,Dk My Very Important Human Body Encyclopedia
9780241758861,1,1999,Dk My Very Important Human Body Encyclopedia
9780241758861,1,1999,Dk My Very Important Human Body Encyclopedia
9781510105737,1,1599,#N/A
9781510105737,1,1599,#N/A
9780241375570,1,899,My Very Important World
9781406391572,1,1299,My First Book Of Woodland Animals
9781529509304,1,1099,Build A House A History Of Resilience And The Journey To Freedom
9781789892284,1,999,The Plucky Orangutan
9781838665937,1,2424,A Home For Every Plant Wonders Of The Botanical World
9781905638086,1,350,Avoid Being A Sumerian Slave ! Hb
9781908177957,1,350,Avoid Being The Pony Express Rider ! Hb
9781784409364,1,909,#N/A
9781406391572,1,1299,My First Book Of Woodland Animals
9781529501025,1,1299,My First Book Of Minibeasts
9781529501025,1,1299,My First Book Of Minibeasts
9781406373073,1,999,Play
9781406373073,1,999,Play
9781406373073,1,999,Play
9781406373073,1,999,Play
9789389981032,1,450,Tell Me Everything
9789389981094,1,495,Childrens Encyclopedia
9781838526368,1,909,#N/A
9781838526368,1,909,#N/A
9781838526368,1,909,#N/A
9788171872176,1,299,Encyclopedia Of The Living World
9788175820555,1,225,More Tell Me How Book 2
9788175820548,1,225,Tell Me How Book 1
9788175820579,1,225,Tell Me How
9781913519360,1,1699,Around The World In 80 Trees
9780857802293,1,1299,Noisy Pirates
9780241544655,1,550,How To Build Lego Dinosaurs Go On A Journey To Become A Better Builder
9789388322980,1,550,Limca Book Of Records 2020-22
9780241528181,1,599,Our World In Pictures The Dinosaurs Book
9781406393569,1,1199,"Numbers, Colours, Opposites, Shapes And Me! A Pop-up Book"
9781406393569,1,1199,"Numbers, Colours, Opposites, Shapes And Me! A Pop-up Book"
9781406393569,1,1199,"Numbers, Colours, Opposites, Shapes And Me! A Pop-up Book"
9780593114544,1,975,She Persisted In Sports (hb)
9780241542156,1,799,One Hundred Reasons To Hope
9781406395426,1,1299,India Incredible India
9781406397093,1,1099,Protecting The Planet The Season Of Giraffes
9788181582324,1,699,India An Alphabet Ride (hb)
9780241544105,1,399,The Met Louise Bourgeois She Saw The World As A Textured Tapestry
9789389152104,1,399,Lets Find Out Indias Space Adventures
9789389152104,1,399,Lets Find Out Indias Space Adventures
9781406382778,1,1050,Grow Secrets Of Our Dna
9781529041569,1,1999,The Macmillan Fairy Tales Collection
9788000061290,1,1250,How Kids Live Around The World (kids Around The World)
9789354406911,1,1499,Purnam - Stories & Wisdom Of The Feminine Divine
9781419742033,1,1273,Snow Birds
9789354403972,1,599,Illustrated Tales From Indian Mythology
9789390093953,1,599,101 Tales The Great Panchatantra Collection
9789354404771,1,599,101 Aesops Fables For Children - 5 Minutes Read Aloud Illustrated Tales With Morals
9780241456972,1,599,The Seed Of Compassion Lessons From The Life And Teachings Of His Holiness The Dalai Lama
9789389152104,1,399,Lets Find Out Indias Space Adventures
9789389281279,1,230,Human Body Encyclopedia For Children Age 5
9781409348245,1,399,100 Indians Who Made History
9780241515198,1,550,Volcanoes And Earthquakes Over 100 Brain-boosting Activities That Make Learning Easy And Fun
9780241508282,1,550,Human Body Over 100 Brain-boosting Activities That Make Learning Easy And Fun
9789350890356,1,300,The Bhagwad Gita (hindi)
9781730125478,1,700,Valmikis Ramayana
9789381607497,1,695,365 Stories From Around The World
9780500652718,1,2296,The Sky
9780241287323,1,1099,Dinosaurs A Childrens Encyclopedia (hb)
9780241287323,1,1099,Dinosaurs A Childrens Encyclopedia (hb)
9780241287323,1,1099,Dinosaurs A Childrens Encyclopedia (hb)
9781844777266,1,995,The Complete Guide To Stamps And Stamp Collecting
9789393852434,1,499,Indias Composite Heritage A Workbook For Children And Parents
9780500652077,1,1335,Danny Dodo Detective Diary Learn All About Extinct And Endangered Animals
9780500652077,1,1335,Danny Dodo Detective Diary Learn All About Extinct And Endangered Animals
9781789890761,1,399,Curious Questions & Answers About Space Machines
9781789890761,1,399,Curious Questions & Answers About Space Machines
9781789890761,1,399,Curious Questions & Answers About Space Machines
9781789890761,1,399,Curious Questions & Answers About Space Machines
9780593479902,1,3999,Thomas And Friends Friendship Collection - 6 Book Box Set - Brand New
9780241555972,1,650,The Reading Adventure 100 Books To Check Out Before Youre 12
9781474995825,1,799,Lift-the-flap Questions And Answers About Racism (questions & Answers)
9780241314258,1,1399,Star Wars Ideas Book (hb)
9780241257630,1,999,Big Noisy Book Of Trains
9780241343371,1,799,Our World In Pictures Countries Cultures People And Places H
9780241339923,1,899,Our World In Pictures Trees Leaves Flowers & Seeds A Visual Encyclopedia Of The Plant Kingdom
9788194427889,1,550,Ultimate Knowledge
9788194427889,1,550,Ultimate Knowledge
9788171874644,1,299,Encyclopedia Of Planet Earth
9788171874620,1,299,Encyclopedia Of World Of Animals
9788171873845,1,595,1001 Children's Illustrated Encyclopedia (hb)
9788171874828,1,595,1001 Questions And Answers Encyclopedia
9789384625993,1,1500,Childrens Illustrated Encyclopedia (hb)
9789353761066,1,1250,Big Book Of Knowledge (hb)
9789384625962,1,995,History Of Encylopaedia Om
9789384625979,1,995,Geography Encyclopaedia
9789384625948,1,995,Sports Encyclopaedia
9789384119447,1,995,Childrens Picture Dictionary
9789384625986,1,995,Science Encyclopedia
9789384625955,1,995,Space Encyclopaedia
9789384625955,1,995,Space Encyclopaedia
9781409327516,1,1599,Lego Play Book Ideas To Bring Your Bricks To Life
9781405350679,1,550,Lego Ideas Book You Can Build Anything
9781409327516,1,1599,Lego Play Book Ideas To Bring Your Bricks To Life
9781405350679,1,550,Lego Ideas Book You Can Build Anything
9781405350679,1,550,Lego Ideas Book You Can Build Anything
9781743214244,1,999,Not For Parents Extreme Planet
9781789890914,1,895,My First 1000 Words
9781789890914,1,895,My First 1000 Words
9781789890914,1,895,My First 1000 Words
9781789890914,1,895,My First 1000 Words
9781789898231,1,1350,Big Book Of Vehicles
9781789898231,1,1350,Big Book Of Vehicles
9781789898231,1,1350,Big Book Of Vehicles
9781789898231,1,1350,Big Book Of Vehicles
9781408845677,1,2599,Harry Potter And The Goblet Of Fire (hb)
9781408845646,1,1999,Harry Potter And The Philosophers Stone
9781408845660,1,1999,Harry Potter And The Prisoner Of Azkaban
9789391790110,1,295,Tamuna Begs To Differ!
9788194407171,1,250,"No Ticket, Will Travel"
9788194407188,1,200,House Of Uncommons
9788194732471,1,200,The Best Idea Of All
9789391790066,1,295,Versova Vortex
9789352756544,1,399,Biscuits Bands And Very Big Plans
9789390189403,1,399,Ten Tremendous Tales
9789351031345,1,399,Top Of The Class
9789352759873,1,399,What Monster
9789352756513,1,399,Dog Zombies Rule For Now
9789354710650,1,395,Tom Gates 19 Random Acts Of Fun
9789355208422,1,295,Celebrating India Stories That Shaped Our Nation 1947–2022
9789355208422,1,295,Celebrating India Stories That Shaped Our Nation 1947–2022
9789355203809,1,250,The Champak Story Box Volume 5
9789355203601,1,250,The Champak Story Box Volume 6
9789355203960,1,250,The Champak Story Box Volume 4
9789355203601,1,250,The Champak Story Box Volume 6
9789355203960,1,250,The Champak Story Box Volume 4
9789355203960,1,250,The Champak Story Box Volume 4
9789355203809,1,250,The Champak Story Box Volume 5
9789355203601,1,250,The Champak Story Box Volume 6
9789369895120,1,1450,Life Lessons From Ruskin Bond Box Set
9789369895120,1,1450,Life Lessons From Ruskin Bond Box Set
9789352750900,1,450,Wings Of Fire Moon Rising
9780007532216,1,3999,World Of David Walliams Best Boxset Ever: Power Relations And The Urban Built Environment
9782020071710,1,2499,Wings Of Fire Box Set #2 (books 9 To 14)
9782020071710,1,2499,Wings Of Fire Box Set #2 (books 9 To 14)
9780241772126,1,699,#N/A
9780241772126,1,699,#N/A
9780241772126,1,699,#N/A
9780241772126,1,699,#N/A
9789391319908,1,2199,Gods And Goddesses By Craic 22 In 1 (amar Chitra Katha)
9781444954067,1,2900,Secret Seven Complete Box Set Of 17 Titles
9780349444567,1,699,Love Song
9780349435954,1,699,#N/A
9780349444567,1,699,Love Song
9780008306717,1,550,The Life-changing Magic Of Falling In Love
9780349434285,1,599,Twisted Lies The Tiktok Sensation! Fall Into A World Of Addictive Romance...
9780349434339,1,599,Twisted Hate The Tiktok Sensation! Fall Into A World Of Addictive Romance
9780349434339,1,599,Twisted Hate The Tiktok Sensation! Fall Into A World Of Addictive Romance
9781408728901,1,599,Not In Love
9780349439501,1,699,#N/A
9780349428833,1,699,#N/A
9781529348798,1,599,The Rehearsals
9781408726778,1,599,Loathe To Love You
9781408726778,1,599,Loathe To Love You
9780349435954,1,699,#N/A
9780241995341,1,599,Book Lovers
9780349434957,1,699,#N/A
9781786172693,1,4399,My Story Time Collection Box Set
9781529021844,1,699,Invisible
9781801105323,1,599,Free Food For Millionaires
9780571372683,1,550,You Made A Fool Of Death With Your Beauty
9788171673629,1,250,Road To The Bazzar
9788129129741,1,395,Childrens Companion Vol 2
9788171672882,1,395,Childrens Omnibus Vol 1
9780143441076,1,250,Looking For The Rainbow
9788171673407,1,150,Blue Umbrella
9788171673407,1,150,Blue Umbrella
9780670097579,1,399,Room On The Roof Penguin 35 Collectors Edition
9780143333647,9,275,How I Taught My Grandmother To Read And Other Stories
9780143451846,9,275,Grandparents Bag Of Stories
9780143450269,9,250,Grandpas Bag Of Stories
9780143334255,9,199,Bird With Golden Wings
9780143447078,9,250,How The Mango Got Its Magic
9780143447061,9,199,How The Earth Got Its Beauty (hb)
9781788106887,1,799,Zoo (colouring Grab Bag)
9781788107211,1,699,My Aswsome Holidays (colouring Grab Bag)
9781786705228,1,599,Shopkins Fun
9781786705228,1,599,Shopkins Fun
9781788107211,1,699,My Aswsome Holidays (colouring Grab Bag)
9781788106887,1,799,Zoo (colouring Grab Bag)
9781788106887,1,799,Zoo (colouring Grab Bag)
9781786705228,1,599,Shopkins Fun
9781788107211,1,699,My Aswsome Holidays (colouring Grab Bag)
9781788107211,1,699,My Aswsome Holidays (colouring Grab Bag)
9781788107211,1,699,My Aswsome Holidays (colouring Grab Bag)
9781788107211,1,699,My Aswsome Holidays (colouring Grab Bag)
9781788107211,1,699,My Aswsome Holidays (colouring Grab Bag)
9781786705228,1,599,Shopkins Fun
9781788107211,1,699,My Aswsome Holidays (colouring Grab Bag)
9781788107211,1,699,My Aswsome Holidays (colouring Grab Bag)
9781788106887,1,799,Zoo (colouring Grab Bag)
9781788106887,1,799,Zoo (colouring Grab Bag)
9781788106887,1,799,Zoo (colouring Grab Bag)
9781788107211,1,699,My Aswsome Holidays (colouring Grab Bag)
9781838576035,2,599,#N/A
9781839402685,2,599,#N/A
9781398818644,2,499,#N/A
9781398814813,2,599,#N/A
9781839407376,2,599,#N/A
9781398822276,2,599,#N/A
9781789501438,4,799,The Prophet
9781839407321,2,599,#N/A
9781839407314,2,599,#N/A
9781398809499,2,599,#N/A
9781788887670,2,599,#N/A
9781398828438,2,599,The Beautiful Mandalas Coloring Book
9781398814189,2,499,#N/A
9781398850484,2,450,#N/A
9781398850477,2,450,#N/A
9781398825727,2,499,#N/A
9781398844629,2,499,#N/A
9781398850347,2,499,#N/A
9781398850330,2,499,#N/A
9789373078526,4,1299,The Big Book Of Gopi Stories The Gopi Diaries
9789373078526,4,1299,The Big Book Of Gopi Stories The Gopi Diaries
9788195254422,1,599,The Party And Other Comics
9788195254422,1,599,The Party And Other Comics
9788195254439,1,599,The Olympic Games And Other Comics
9788195254439,1,599,The Olympic Games And Other Comics
9789391914936,1,599,Tom And Jerry The Crow Scare And Other Comics
9789391914936,1,599,Tom And Jerry The Crow Scare And Other Comics
9789391914769,1,599,Tom And Jerry The Snowman& Other Comics
9789391914769,1,599,Tom And Jerry The Snowman& Other Comics
9789391914875,1,599,Tom And Jerry Like Cats And Dogs And Other Comics
9789391914875,1,599,Tom And Jerry Like Cats And Dogs And Other Comics
9789388384810,1,599,Sleep Well And Other Comics
9789388384827,1,599,Robin Mouse And Other Comics
9789388384827,1,599,Robin Mouse And Other Comics
9789389928266,1,599,The Door And Other Comics
9789389928266,1,599,The Door And Other Comics
9789391914844,1,599,Tom And Jerry In The Beginning And Other Comics
9789391914844,1,599,Tom And Jerry In The Beginning And Other Comics
9789389928273,1,599,Cruise Cat And Other Comics
9789389928273,1,599,Cruise Cat And Other Comics
9788195254491,1,599,Shipwrecked And Other Comics
9788195254491,1,599,Shipwrecked And Other Comics
9788195254484,1,599,Blooming Flowers And Other Comics
9788195254484,1,599,Blooming Flowers And Other Comics
9789354716836,1,995,Bob Books Sight Words Kindergarten
9789354716867,1,995,Bob Books First Stories
9789354716782,1,995,Bob Books #2 Advancing Beginners
9782018081004,1,1600,Dog Man Set Of 3 Books
9781474894180,1,899,Atlas Of My World
9781488958908,1,499,Art Maker Creative Colouring Mandala
9781488958908,1,499,Art Maker Creative Colouring Mandala
9789354716843,1,995,Bob Books Animal Stories
9789354716881,1,995,Bob Books Rhyming Words
9789363362543,1,899,My First Stories A Set Of 6 All-time Favourite Tales
9781408856772,1,4999,Harry Potter The Complete Collection
9781633699410,1,12299,Hbr Emotional Intelligence Ultimate Boxed Set (14 Books) (hbr Emotional Intelligence Series)
9789388384810,1,599,Sleep Well And Other Comics
9789354716805,1,995,Bob Books #5 Long Vowels
9780385389570,1,2099,#N/A
9789354716768,1,995,My First Bob Books Pre–reading Skills
9781444955316,1,4700,Find Outers 15 Books Box Set
9782019072353,1,2199,Goosebumps Slappyworld World Box Of 7 Books
9781635577716,1,8299,#N/A
9789322008659,1,3500,Ambedkar Writings & Speeches (a Five Volume Compendium)
9781526650528,1,1450,Neil Gaiman & Chris Riddell Box Set
9782019112509,1,5900,Geronimo Stilton Set Of 20 Books Box Set
9789354716874,1,995,My First Bob Books Alphabet
9780375813658,1,999,Magic Tree House Volumes 1-4 Boxed Set
9789354716812,1,995,Bob Books #4 Complex Words
9789354716850,1,995,Bob Books More Beginning Readers
9782019072346,1,1199,To All The Boys I Have Loved Before Complete Collection
9780375822667,1,1999,Magic Tree House Volumes 5-8 Boxed Set
9782018022304,1,3199,Captain Underpants Box Set 10 Books
9782018102426,1,2599,#N/A
9781399727754,1,1795,#N/A
9782020071628,1,1899,Dav Pilkeys Hero Collection 3-book Boxed Set Captain Underpants 1 Dog Man 1 Cat Kid Comic Club 1
9782018082339,1,1575,Bad Guys Set Of 5 Books
9798892790666,1,2699,The Hbr Work Smart Boxed Set (6 Books) (hbr Work Smart Series)
9781444916416,1,3999,Famous Five Complete Book Set Of 21 Titles
9781444954067,1,2900,Secret Seven Complete Box Set Of 17 Titles
9781408734759,1,2395,#N/A
9782018102402,1,4399,#N/A
9789322008154,1,4000,Ambedkar Speaks
9782018102419,1,4500,Goosebumps Horrorland Set Of 20 Books
9781444955651,1,4550,Malory Towers Box Set Of 13 Books
9781510106451,1,1790,Shadow And Bone Boxed Set
9789369526871,1,4999,Certified Reading Box Set 10 Iconic Books Certified Reading List
9780748136247,1,1499,The Dr Brian Weiss Collection Box
9781398844834,4,899,#N/A
9781802494709,1,599,Magic Painting Pets
9781802494709,1,599,Magic Painting Pets
9781836533009,2,599,Magic Painting Magical World
9781802494921,2,599,My First Magic Painting Unicorns
9781802494914,2,599,My First Magic Painting Vehicles
9781787724242,2,599,Magic Painting Farm
9781802499308,1,599,Magic Painting Space Mess Free
9781836532996,1,599,Magic Painting Under The Sea
9781836531777,2,599,Magic Painting Jungle
9781836532996,1,599,Magic Painting Under The Sea
9781836533016,2,599,Magic Painting Pets
9781836531937,1,599,Magic Painting Cute
9781787724747,2,599,My First Magic Painting Animals
9781836533023,2,599,Magic Painting Fairies
9781787728028,2,599,Magic Painting Unicorns
9781802494723,2,599,Magic Painting Under The Sea
9781836534594,2,599,Magic Painting Spooky | Book Hardcover
9781836531791,2,599,Magic Painting Farm
9781836530879,1,599,Magic Painting Dinosaurs
9781836531937,1,599,Magic Painting Cute
9781836530879,1,599,Magic Painting Dinosaurs
9781802499308,1,599,Magic Painting Space Mess Free
9781037420566,1,5199,#N/A
9781835150702,1,4500,Picture Book Classics 10 Book Pack Classic Stories Retold With Colourful Illustrations
9780593377642,1,750,Women In Science
9780008524647,1,599,Stories For 4 Year Olds Remodel Your Health From The Inside Out
9780008524647,1,599,Stories For 4 Year Olds Remodel Your Health From The Inside Out
9781974709953,1,699,Chainsaw Man Vol 3
9781569319000,1,699,Naruto 01 Uzumaki Naruto Volume 1
9781405286732,1,599,Seaside Family
9788122200386,1,295,Figuring The Joy Of Numbers
9788122200065,1,295,Book Of Numbers
9780670097555,1,399,Queen Of Ice Penguin 35 Collectors Edition
9780670097555,1,399,Queen Of Ice Penguin 35 Collectors Edition
9780670097579,1,399,Room On The Roof Penguin 35 Collectors Edition
9780670097746,1,399,"Three Thousand Stitches Ordinary People, Extraordinary Lives Penguin 35 Collectors Edition"
9780670097586,1,499,The Constitution Of India For Children Penguin 35 Collectors Edition
9780670097586,1,499,The Constitution Of India For Children Penguin 35 Collectors Edition
9780670095902,1,399,My Family (hb)
9788129134561,1,295,Very Best Of A.p.j. Abdul Kalam
9788129134561,1,295,Very Best Of A.p.j. Abdul Kalam
9788185986173,1,295,Malgudi Days
9789395073240,1,599,Ordinary People Extraordinary Teachers
9781406398618,1,1099,Sylvie
9788184822106,1,99,Beni Madho And Pir Ali
9788189999087,1,99,Tales Of Shivaji
9788184820256,1,99,Ellora Caves
9789361273575,1,99,Tales Of Durga
9789391319601,1,99,Prabhavati Asuron Ki Rani
9788184823677,1,99,Balarama Ki Kathaye 654 Hindi
9789361270260,1,99,Chanakya 508 Hindi
9788184820102,1,99,J R D Tata
9788184823080,1,99,Sai Baba Ki Kathaye
9789361277603,1,99,Vivekananda 517 Hindi
9788184823042,1,99,Amruth Manthan 538
9788184823110,1,99,Narad Ki Kathaye
9788184823592,1,99,Kumbhkarn
9788119596232,1,99,Lal Bahadur Shastri Jai Jawan Jai Kisan Hindi
9789391319755,1,99,Shantala Shantipriya Rani Hindi
9788184822670,1,99,Samrat Ashoka Hindi
9789391319465,1,99,Amar Chitra Katha Vol. 831 Tenzing Norgay Hindi
9789391319304,1,99,Smrat Kursh
9789361273773,1,99,The Jackal And The Wardrun ( 540 )  - Hindi
9788184823103,1,99,Nal Damayanti
9788184822700,1,99,Ram Ke Poorwaj
9788184822717,1,99,Harishchandra
9788184823257,1,99,Sati Aur Shiv
9789361275166,1,99,Albert Einstein 777 Hindi
9788184823035,1,99,Mirabai
9789361273636,1,99,Nili Chatri
9789361272677,1,125,Vikram Sarabhai 848 Hindi
9789361272615,1,99,Bhagat Singh 608
9788184823141,1,99,Prithwi Raj Chauhan
9788184823561,1,99,Savitri 511 Hindi
9788184822540,1,99,Hanuman
9788184823660,1,99,Sone Ki Muhron Wali Thaili
9788184823691,1,99,Tansen
9788184822649,1,99,Kartikey
9788184822557,1,99,Vishnu Ki Kathayein
9788184823288,1,99,Garur
9788184823622,1,99,Gaj Gathaein 554 Hindi
9788184823271,1,99,Jatak Kathaye Vanar Gaathaye
9788184823097,1,99,Geeta
9788184822625,1,99,Bheema And Hanuman
9788184823127,1,99,Urvashi
9789361279768,1,99,Crows And Owls ( 561 ) - Hindi
9788184823332,1,99,Madadgaar Birbal
9789391319144,1,99,Babasaheb Ambedkar He Dared To Fight (hindi)
9788184823264,1,99,Prahalad
9789361274039,1,99,Ganesha And The Moon 830 Hindi
9788184822656,1,99,Sankuntla
9788184823028,1,99,Krishan Aur Jarasangh
9788184823608,1,99,Shiv Ki Kathaye
9788184823578,1,99,Rukmani Parinay
9788184824148,1,99,Buddha
9789361279379,1,99,Guru Gobind Singh 588 Hindi
9789361274930,1,99,Tales Of Shivaji 597
9788184823646,1,99,Nyaypriya Birbal
9789361277092,1,99,Tenali Raman 523
9789391319090,1,180,Mahatma Gandhi Special Issue (hindi)
9788184822694,1,90,Chatrapati Shivaji
9789350851449,1,99,Ravan Ka Garvharan
9788184822755,1,99,Vidwan Pandit
9789388243582,1,199,When Dreams Take Flight (hindi)
9789391319007,1,99,Pandavon Ka Agyatvas Dhoort Shatru Se Chakma
9789361270468,1,99,The Hidden Treasure ( 817 )  - Hindi
9789391319380,1,99,Unglimala
9788184823301,1,99,Sri Ramkrishan
9788184823066,1,99,Tulisidas ( Hindi)
9788184823653,1,99,Gurunanak
9788184822731,1,99,Mahavir
9789361277399,1,99,Tanaji ( 682 ) - Hindi
9788184822748,1,99,Jahangir
9789361270901,1,99,Tipu Sultan 741 Hindi
9789361271595,1,99,Chandragupta Maurya ( 634 ) - Hindi
9788184823257,1,99,Sati Aur Shiv
9788184823325,1,99,Rani Durgawati
9789361276026,1,99,Jallianwala Bagh 704 Hindi
9788184822687,1,99,Jhansi Ki Rani
9789361277054,1,99,Veer Savarkar 678
9789361279515,1,99,Mother Teresa 800 Hindi
9788184823134,1,99,Aamrapali
9789361270437,1,99,True Friends ( 614 ) - Hindi
9789361276453,1,99,How Friends Are Parted ( 620 ) - Hindi
9788184823073,1,99,Dhruv Aur Astavakra
9789361278105,1,99,Kalpana Chawla 736
9789361277313,1,99,Stories Of Wisdom ( 561 ) - Hindi
9789390055593,1,99,Jaiprakash Narayan
9788189999551,1,99,Paurava And Alexander
9788189999667,1,99,Harsha
9788184821291,1,99,Rana Sanga The Vallant Warrior King
9788184822076,1,99,Velu Thampi
9788184822984,1,99,Baladitya And Yashodharma
9788184821918,1,99,Historic City Of Delhi
9788184824056,1,99,Hari Singh Nalwa
9788189999063,1,99,Ashoka The Warrior Who Spoke Of Peace
9788184820010,1,99,Noor Jahan
9788189999155,1,99,Chandragupta Maurya
9788184821598,1,99,Tanaji
9788184820492,1,99,Raja Bhoja
9788184821208,1,99,Jallianwala Bagh
9788184822052,1,99,Sea Route To India
9788184826944,1,275,Valmiki Ramayan (hindi)
9788184821079,1,99,Akbar
9788184822847,1,99,Urvashi
9788184820171,1,99,Kannagi
9788184825350,1,99,Maarthaanda Varma
9788184821284,1,99,Rana Kumbha
9788184829372,1,100,Indus Valley Adventure
9788184824933,1,99,Chennamma Of Keladi
9788184821963,1,99,Krishnadeva Raya
9788184820584,1,99,Subhas Chandra Bose
9788184823974,1,99,Ahilyabai Holkar
9788184822229,1,99,Roopmati
9788184824063,1,99,Bidhi Chand
762816468503,1,695,World Of Archie Jumbo Comics
762816469500,1,695,Betty Veronica
762816469500,1,695,Betty Veronica
762816469500,1,695,Betty Veronica
762816469524,1,375,Jughead And Archie Comics Double Digest
762816469500,1,695,Betty Veronica
9788119061839,1,345,Betty And Veronica Double Digest 221
762816469517,1,906,Archie Comics Digest
762816469531,1,445,Archie & Friends
762816469517,1,906,Archie Comics Digest
762816469517,1,906,Archie Comics Digest
762816469531,1,445,Archie & Friends
762816469531,1,445,Archie & Friends
762816469524,1,375,Jughead And Archie Comics Double Digest
9788119061907,1,345,B&v Friends Double Digest 235
762816469531,1,445,Archie & Friends
762816469500,1,695,Betty Veronica
762816469517,1,906,Archie Comics Digest
762816468558,1,906,B & V Friends
762816469531,1,445,Archie & Friends
762816469517,1,906,Archie Comics Digest
9788119061877,1,345,Archies Funhouse Double Digest 3
762816469517,1,906,Archie Comics Digest
762816469531,1,445,Archie & Friends
762816468503,1,695,World Of Archie Jumbo Comics
762816469500,1,695,Betty Veronica
9788119061877,1,345,Archies Funhouse Double Digest 3
762816469531,1,445,Archie & Friends
762816469524,1,375,Jughead And Archie Comics Double Digest
762816469500,1,695,Betty Veronica
762816469524,1,375,Jughead And Archie Comics Double Digest
762816468503,1,695,World Of Archie Jumbo Comics
9788119061891,1,345,B&u Friends Double Digest 232
762816469531,1,445,Archie & Friends
762816469531,1,445,Archie & Friends
762816469500,1,695,Betty Veronica
9788119061907,1,345,B&v Friends Double Digest 235
9788119061877,1,345,Archies Funhouse Double Digest 3
762816469531,1,445,Archie & Friends
762816469517,1,906,Archie Comics Digest
9788119061969,1,345,Archie Double Digest 241
762816469517,1,906,Archie Comics Digest
762816468503,1,695,World Of Archie Jumbo Comics
762816469517,1,906,Archie Comics Digest
762816468503,1,695,World Of Archie Jumbo Comics
762816469500,1,695,Betty Veronica
762816468558,1,906,B & V Friends
762816469517,1,906,Archie Comics Digest
9788129135940,1,250,Who Kissed Me In The Dark
9788129151421,1,250,Memories Of Hills And Dales
9788129149893,1,250,Owls In The Family
9789355200600,1,195,All About My Walkabouts
9789353336974,1,195,A Love Of Long Ago
9788129110701,1,295,Rupa Book Of Snappy Surprises
9788129137685,1,250,My Favourite Nature Stories
9788129106995,1,250,Roads To Mussoorie
9788129142078,1,250,White Tiger And Other Stories
9788129137005,1,295,Essential Collection For Young Readers
9788129148797,1,195,When The Clock Strikes Thirteen
9788129148049,1,195,Eyes Of The Cat
9789353337605,1,250,A Murder In Mussoorie And Other Tales
9789355203441,1,195,All Creatures Great And Small
9788129109255,1,150,Too Much Trouble
9789353338053,1,295,Braving Mussoories Madding Crowd
9788129144454,1,195,Rupa Book Of Shikar Stories
9788193669525,1,195,My Trees In The Himalayas
9789355201485,1,195,Letters To My Father
9789353333690,1,395,Tiger In The Tunnel
9789353332440,1,195,In Grandfathers Garden
9788129103895,1,250,The Rupa Book Of Scary Stories
9789353046057,1,195,My Tall Green Friends
9789390918096,1,195,Roads To New Delhi
9789353336707,1,295,Boyhood Dreams And Other Tales
9788129149541,1,195,Chakrata Cat
9788129137142,1,295,The Big Books Of Animal Story
9780143454458,1,599,Writing For My Life Digitally Signed Copy The Very Best Of Ruskin Bond
9788129108289,1,295,Funny Side Up Up
9788129124906,1,295,Jungle Omnibus
9780143456117,1,250,The Tunnel
9780143449706,1,250,Mukesh Starts A Zoo
9780143446989,1,250,The Wind On Haunted Hill
9788129142184,1,250,A Song Of Many Rivers
9789353332525,1,295,Phantom Coach
9789353041274,1,295,Whispering In The Dark
9788129148339,1,250,Once You Have Lived With Mountains
9788129144942,1,250,Voting At Fosterganj
9789391256838,1,195,Legends Of The Hill
9789353334307,1,195,Calypso Christmas
9788129142191,1,195,Ruskin Bond The Laughing Skull
9788129144492,1,250,Party Time In Mussoorie
9789390918980,1,195,Boys Will Be Boys
9789353338312,1,295,Boy In A Blue Pullover
9788129112132,1,250,All Roads Lead To Ganga
9789353041465,1,395,Landour Bazaar
9789353041274,1,295,Whispering In The Dark
9789353040697,1,295,Fright Or Flight
9789353334284,1,295,An Underground Walk
9789353334888,1,295,Thing In The Upper Room
9788171679928,1,250,Ghost Stories From The Raj
9788129142337,1,250,"White Clouds, Green Mountains"
9788129148773,1,250,When The Night Falls
9789355204332,1,195,Phantom Lovers
9788129112163,1,250,Potpourri
9788129149183,1,195,Dragon In The Tunnel
9788129144577,1,295,The Beast Tamer
9789353040949,1,195,A Bouquet Of Love
9789353335229,1,295,Night Of The Millennium
9788129135827,1,250,A Mussoorie Mystery
9788129112132,1,250,All Roads Lead To Ganga
9788171673407,1,150,Blue Umbrella
9788171673407,1,150,Blue Umbrella
9788129124548,1,195,Blue Umbrella
9788129124548,1,195,Blue Umbrella
9788171673407,1,150,Blue Umbrella
9781444958683,1,499,The Naughtiest Girl 09 Naughtiest Girl Wants To Win Book 9
9781444958683,1,499,The Naughtiest Girl 09 Naughtiest Girl Wants To Win Book 9
9781444958683,1,499,The Naughtiest Girl 09 Naughtiest Girl Wants To Win Book 9
9781444958683,1,499,The Naughtiest Girl 09 Naughtiest Girl Wants To Win Book 9
9781444959178,1,599,"The Naughtiest Girl Marches On (the Naughtiest Girl, Bk. 10)"
9781444958638,1,450,The Naughtiest Girl 04 Heres The Naughtiest Girl
9781444958645,1,499,The Naughtiest Girl 05 Naughtiest Girl Keeps A Secret Book 5
9781444958645,1,499,The Naughtiest Girl 05 Naughtiest Girl Keeps A Secret Book 5
9781444958690,1,599,The Naughtiest Girl Naughtiest Girl Marches On Book 10
9781444958676,1,599,"The Naughtiest Girl 08 Well Done, The Naughtiest Girl Book 8"
9781444958645,1,499,The Naughtiest Girl 05 Naughtiest Girl Keeps A Secret Book 5
9781444958676,1,599,"The Naughtiest Girl 08 Well Done, The Naughtiest Girl Book 8"
9781444958676,1,599,"The Naughtiest Girl 08 Well Done, The Naughtiest Girl Book 8"
9781444958676,1,599,"The Naughtiest Girl 08 Well Done, The Naughtiest Girl Book 8"
9781444958676,1,599,"The Naughtiest Girl 08 Well Done, The Naughtiest Girl Book 8"
9781444958652,1,499,The Naughtiest Girl 06
9781444958638,1,450,The Naughtiest Girl 04 Heres The Naughtiest Girl
9781444958638,1,450,The Naughtiest Girl 04 Heres The Naughtiest Girl
9781444958607,1,599,The Naughtiest Girl 01 Naughtiest Girl In The School Book 1
9781444958607,1,599,The Naughtiest Girl 01 Naughtiest Girl In The School Book 1
9781444959178,1,599,"The Naughtiest Girl Marches On (the Naughtiest Girl, Bk. 10)"
9780143333388,1,250,Room On The Roof
9780340894545,1,199,Famous Five : Five On A Treasure Island
9780340681220,1,399,Five Get Into A Fix
9780340681244,1,399,Five Go To Demon's Rocks
9780340681190,1,399,Five Have Plenty Of Fun
9780340681206,1,399,Famous Five Five On A Secret Trail
9780340680971,1,325,Secret Seven Win Through Book 7
9780340680988,1,325,Three Cheers Secret Seven Book 8
9780340681015,1,325,Secret Seven Fireworks Book 11
9780340680940,1,325,Secret Seven On The Trail Book 4
9780340681046,1,325,Look Out Secret Seven Book 14
9780340681039,1,325,Shock For The Secret Seven Book 13
9780340681022,1,325,Good Old Secret Seven Book 12
9780340681053,1,325,Fun For The Secret Seven Book 15
9780340680995,1,325,Secret Seven Mystery Book 9
9780340681084,1,399,Five Run Away Together
9780340681213,1,399,Famous Five
9780340681114,1,399,Five On Kirrin Island Again
9780340681121,1,399,Famous Five
9780340681138,1,399,Famous Five 08 Five Go Into To Trouble
9780340681152,1,399,Five On A Hike Together
9780340681169,1,399,The Five Have A Wonderful Time Book 11
9780340681091,1,599,Five Go To Smuggler's Top
9780340681251,1,399,Five Have A Mystery To Solve
9780340681008,1,325,Puzzle For The Secret Seven Book 10
9780340681077,1,399,Famous Five Five Go Adventuring Again
9780340681176,1,599,The Famous Five 12 Five Go Down To The Sea
9780340681183,1,599,Five Go To Mystery Moor
9780241558348,1,450,The Bfg
9780241568644,1,399,The Enormous Crocodile
9780141365374,1,399,Charlie And The Chocolate Factory
9780141365374,1,399,Charlie And The Chocolate Factory
9780241558324,1,399,Charlie And The Chocolate Factory
9780141365503,1,350,George Marvellous Medicine
9780241568675,1,350,The Magic Finger
9780241568705,1,399,Charlie And The Great Glass Elevator
9789352755196,1,350,Operation Secret Recipe
9780545341011,1,350,Way Of The Smurai
9780439841191,1,350,Wedding Crasher
9789351039099,1,399,Treasure Of Easter Island
9780545103688,1,350,Singing Sensation
9789351036388,1,399,Welcome To Moldy Manor
9789352755158,1,350,Hug A Tree Geronimo
9789352757718,1,350,Hawaiian Heist
9789352759804,1,399,Missing Movie
9780545103756,1,350,I M Not A Supermouse
9789351031918,1,350,Flight Of The Red Bandit
9780439691444,1,350,Wild Wild West
9780545021371,1,350,Race Across America
9780545556293,1,350,Golden Statue Plot
9780439023122,1,350,Mysterious Cheese Thief
9780545021371,1,350,Race Across America
9780545103718,1,350,Mighty Mount Kilimanjaro
9789352755202,1,350,Chocolate Chase
9780439841160,1,399,Search For Sunken Treasure
9780439691468,1,350,Field Trip To Niagara Falls
9780545556248,1,650,Secret Of The Fairies (hb)
9789390189151,1,650,Magic Of The Mirror (hb)
9789386106261,1,699,Thea Stilton; Special Edition The Treasure Of The Sea
9781444955354,1,399,The Secret Forest
9781444955361,1,399,The Secret Of Moon Castle
9781444935165,1,550,Famous Five Collection 4 Three Gripping Adventures In One
9781444969719,1,899,The Mystery Series Collection 3
9781444952469,1,599,The Secret Seven Collection 2
9781444924848,1,599,Famous Five Collection 2
9781444955347,1,399,The Secret Of Spiggy Holes
9780008183424,1,450,Grandpas Great Escape
9780008164706,1,599,The Ice Monster
9780008579951,1,550,Spaceboy
9780008579951,1,550,Spaceboy
9781408855652,1,599,Harry Potter And The Philosophers Stone
9781408855690,1,899,Harry Potter And The Order Of The Phoenix
9781408855683,1,799,Harry Potter And The Goblet Of Fire
9781408855676,1,599,Harry Potter And The Prisoner Of Azkaban
9781408855713,1,799,Harry Potter And The Deathly Hallows
9781408855652,1,599,Harry Potter And The Philosophers Stone
9781408855706,1,799,Harry Potter And The Half-blood Prince
9781408855706,1,799,Harry Potter And The Half-blood Prince
9780751565362,1,499,Harry Potter And The Cursed Child Parts One And Two Playscrt
9780751565362,1,499,Harry Potter And The Cursed Child Parts One And Two Playscrt
9781408855690,1,899,Harry Potter And The Order Of The Phoenix
9789353450434,1,799,Ramayana For Children
9780143453697,1,299,Shyam Our Little Krishna
9780143332473,1,399,Pashu
9780143441618,1,299,Boys Who Fought
9780143331674,1,99,An Identity Card For Krishna
9780143331964,1,99,Saraswati's Secret River
9780143331698,1,125,Shiva Plays Dumb Charades
9780143331704,1,99,Gauri And The Talking Cow
9780143331704,1,99,Gauri And The Talking Cow
9789356997967,1,299,Strange Stories From History Quirky History 2
9781953424662,1,399,Rebel Girls Awesome Entrepreneurs 25 Tales Of Women Building Businesses
9781953424655,1,399,Rebel Girls Lead - 25 Tales Of Powerful Women
9781421580364,1,899,Tokyo Ghoul Vol 1
9781638589525,1,1199,Barbarities I
9781638588962,1,1199,The Villainess And The Demon Knight (manga) Vol. 1
9781471189494,1,599,Flashback
9781471189517,1,599,Legacy
9781398538481,1,699,Unraveled Book 9.5
9781398538481,1,699,Unraveled Book 9.5
9780141335735,1,599,Heroes Of Olympus : The Son Of Neptune
9788171670161,1,250,Literature Quiz
9788122200140,1,195,Puzzles To Puzzle You
9788122203998,1,200,In The Wonderland Of Numbers
9788122200485,1,265,More Puzzles
9788122203165,1,195,Mathability Awaken The Math Genius...
9788171671793,1,250,Super Genius Science Quiz
9788171670390,1,250,Rupa Book Of School Quiz
9788171670246,1,295,India Quiz
9788171670222,1,250,Super Genius Enviroment Quiz
9788171673353,1,250,Gandhi Quiz
9788171670161,1,250,Literature Quiz
9788122200140,1,195,Puzzles To Puzzle You
9788122200485,1,265,More Puzzles
9788171671793,1,250,Super Genius Science Quiz
9780008532116,1,599,The Lost Emerald Solve More Than 100 Puzzles In This Adventure Story For Kids Aged 7+ (puzzle Quest)
9780008599553,1,225,The Treasure Train Solve More Than 100 Puzzles In This Adventure Story For Kids Aged 7+ (puzzle Quest)
9780008599553,1,225,The Treasure Train Solve More Than 100 Puzzles In This Adventure Story For Kids Aged 7+ (puzzle Quest)
9780008649104,1,399,Amazing Football Facts Every 10 Year Old Needs To Know My Playbook On Life And Leadership
9780008649104,1,399,Amazing Football Facts Every 10 Year Old Needs To Know My Playbook On Life And Leadership
9780008532116,1,599,The Lost Emerald Solve More Than 100 Puzzles In This Adventure Story For Kids Aged 7+ (puzzle Quest)
9781838610579,1,499,Sudoku Over 150 Challenging Puzzles
9781838610562,1,499,Logic Brainteasers
9781838610562,1,499,Logic Brainteasers
9781838610593,1,499,Genius Test
9781838610593,1,499,Genius Test
9781838610586,1,599,Boost Your Iq
9781838610586,1,599,Boost Your Iq
9788129148032,1,195,Untimate Book Of Knowledge
9788129120397,1,176,Ultimate Bourn Vita Quiz Contest Book Of Knowledge Vol 2
9789353335908,1,150,Grand History Quiz
9788129137647,1,295,Bumper Bourn Vita Quiz Contest Quiz Book
9789353337209,1,150,Incredible Indian Revolutionaries Quiz
9781780557830,1,299,Number Riddles For Bright Sparks Volume 8 (buster Bright Sparks)
9781781774694,1,395,Crosswords
9781781774694,1,395,Crosswords
9781781774694,1,395,Crosswords
9789353335991,1,150,Greatest Sports Quiz
9780008532109,1,225,Secret Island Solve More Than 100 Puzzles In This Adventure Story For Kids Aged 7+ (puzzle Quest)
9780008649104,1,399,Amazing Football Facts Every 10 Year Old Needs To Know My Playbook On Life And Leadership
9780008649104,1,399,Amazing Football Facts Every 10 Year Old Needs To Know My Playbook On Life And Leadership
9780600636809,1,799,The Daily Mail Big Book Of Cryptic Crosswords Volume 3
9781780553146,1,295,Quiz Book For Clever Kids
9780600632658,1,799,The Daily Mail Big Book Of Quick Crosswords Volume 7
9780008293314,1,699,Big Book Of Su Doku 3 300 Su Doku Puzzles (collins Su Doku)
9780600635567,1,799,The Telegraph Big Book Of Cryptic Crosswords 2
9780600635567,1,799,The Telegraph Big Book Of Cryptic Crosswords 2
9780008241254,1,495,The Sun Quick Crossword Book 5
9780008532109,1,225,Secret Island Solve More Than 100 Puzzles In This Adventure Story For Kids Aged 7+ (puzzle Quest)
9781780557823,1,450,Brain Teasers For Bright Sparks Volume 7 (buster Bright Sparks)
9788129142351,1,176,The Ultimate Winning Minds Quiz Challenge
9789353040253,1,250,General Knowledge Quiz Book
9789353336219,1,250,Sports Quiz Book
9788129135162,1,195,Bournvita Quiz Contest Quiz Book 2014
9788129119773,1,176,Bourn Vita Quiz Contest Quiz Book
9781780557830,1,299,Number Riddles For Bright Sparks Volume 8 (buster Bright Sparks)
9789353337124,1,150,Ultimate Geography Quiz
9789353337209,1,150,Incredible Indian Revolutionaries Quiz
9789353337186,1,150,Amazing Nature Quiz
9781780555638,1,399,Travel Puzzles For Clever Kids
9789353335984,1,150,Mighty Quiz
9789353335977,1,150,Bumper Literature Quiz
9789353335984,1,150,Mighty Quiz
9781788885713,1,299,Wordsearch
9781780552491,1,399,Brain Games For Clever Kids
9780143455257,1,199,The Diary Of A Young Girl-premium
9781526623362,1,499,Trespasses
9781526623362,1,499,Trespasses
9780552565974,1,450,Wonder
9780143454991,1,299,Dakshin South Indian Myths And Fables Retold
9780143457572,1,175,The Wizard Of Oz
9781447280002,1,499,Through The Looking Glass
9781447280002,1,499,Through The Looking Glass
9780143330110,1,175,Rumbling Island
9780143457657,1,199,The Girl Who Climbed Mountains Bachendri Pal
9789390547401,1,295,My Good School Where Passion Meets Education
9788176553339,1,299,The Best Of Tagore
9789382607014,1,195,Diary Of A Young Girl
9780141007212,1,350,Diary Of A Young Girl
9780147510488,1,650,War That Saved My Life
9781447262923,1,450,Tales Of A Fourth Grade Nothing
9780099572862,1,450,Boy In The Striped Pyjammas
9781529504019,1,599,Dreaming By Starlight
9781782693277,1,499,How To Be True
9781907411755,1,550,Wishing Spell
9780008524739,3,599,Stories For 7 Year Olds Remodel Your Health From The Inside Out
9781783127887,2,599,Haaland Rules (football Superstars)
9781783129225,6,595,Ronaldo Rules
9781783125364,2,599,Kane Rules Discover Hide-and-seek Superstars!
9781789463309,2,599,Ultimate Football Heroes Quiz Book
9781783126279,3,599,Rashford Rules 7 (football Superstars)
9781783129386,2,599,Grealish Rules
9781783125647,8,599,Salah Rules 9 (football Superstars)
9781783127887,2,599,Haaland Rules (football Superstars)
9780241649824,4,599,The Puffin Book Of Stories For Six-year-olds
9780241649848,2,599,The Puffin Book Of Stories For Eight-year-old [paperback]
9780008524739,2,599,Stories For 7 Year Olds Remodel Your Health From The Inside Out
9781526362445,1,699,This Is Football
9781526362445,1,699,This Is Football
9781783125623,1,599,Football Superstars Neymar Rules
9781783125623,1,599,Football Superstars Neymar Rules
9781783125623,1,599,Football Superstars Neymar Rules
9781783125623,1,599,Football Superstars Neymar Rules
9781783125623,1,599,Football Superstars Neymar Rules
9781783125623,1,599,Football Superstars Neymar Rules
9781804536568,1,599,Football Superstars Vinicius Jr Rules
9781804536568,1,599,Football Superstars Vinicius Jr Rules
9781789467895,1,799,Road To The Euros (ultimate Football Heroes): Collect Them All!: Fundamentals And Criteria
9780241649831,1,599,The Puffin Book Of Stories For Seven-year-olds
9781789467895,1,799,Road To The Euros (ultimate Football Heroes): Collect Them All!: Fundamentals And Criteria
9780241649831,1,599,The Puffin Book Of Stories For Seven-year-olds
9780241649831,1,599,The Puffin Book Of Stories For Seven-year-olds
9781405289528,1,499,Queen Elizabeth Family
9781405289528,1,499,Queen Elizabeth Family
9781405289528,1,499,Queen Elizabeth Family
9781444974683,1,599,Five-minute Summer Stories
9781444974683,1,599,Five-minute Summer Stories
9780008524708,1,599,Stories For 6 Year Olds
9780008524708,1,599,Stories For 6 Year Olds
9780241649848,1,599,The Puffin Book Of Stories For Eight-year-old [paperback]
9780241649848,1,599,The Puffin Book Of Stories For Eight-year-old [paperback]
9780552565974,1,450,Wonder
9780241387863,1,499,The Invisible Dog
9780241387863,1,499,The Invisible Dog
9781406368475,1,599,Flora And Ulysses
9781406368499,1,599,The Tiger Rising
9781406368499,1,599,The Tiger Rising
9781406368499,1,599,The Tiger Rising
9781406368499,1,599,The Tiger Rising
9781406368499,1,599,The Tiger Rising
9780241649817,7,599,The Puffin Book Of Stories For Five-year-olds
9780603570339,1,499,My Naughty Little Sister And Bad Harry
9781408349465,1,599,The Story Of The Movie (my Little Pony The Movie)
9781408364529,1,599,Rainbow Magic Carmen The Cheerleading Fairy Special
9781408364529,1,599,Rainbow Magic Carmen The Cheerleading Fairy Special
9781406368499,1,599,The Tiger Rising
9781529502015,1,799,Ultimate Cricket Superstars
9781529502015,1,799,Ultimate Cricket Superstars
9789361131325,2,599,The Shortest History Of Football
9780008524760,3,599,Stories For 8 Year Olds Remodel Your Health From The Inside Out
9781444960006,17,599,A Daring School Rescue
9780141354835,3,399,Stuart Little
9781805224129,2,599,World Cup Fever A Footballing Journey In Nine Tournaments
9781444916263,1,699,Famous Five Colour Short Stories Georges Hair Is Too Long (famous Five: Short Stories)
9781444916294,1,399,Famous Five Colour Reads A Lazy Afternoon
9781444944044,1,399,Famous Five Colour Short Stories (famous Five Short Stories)
9781444916287,3,399,Famous Five Colour Reads When Timmy Chased The Cat
9781444962383,7,499,A Wishing-chair Adventure A Summertime Mystery Colour Short Stories
9789354712098,1,399,Ikigai For Teens Finding Your Reason For Being
9781444959918,1,399,A Faraway Tree Adventure The Land Of Dreams Colour Short Stories
9781444959833,1,499,Land Of Birthdays
9781444959550,5,499,A Faraway Tree Adventure: In Santa Clauss Castle: Colour Short Storis
9781444959840,7,499,Land Of Goodies
9781444959901,4,499,The Land Of Toys
9781444959925,10,599,The Land Of Enchantments
9781444959970,3,599,A Faraway Tree Adventure Joe And The Magic Snowman Colour Short Stories
9781526362445,2,699,This Is Football
9781510105164,5,499,Horrid Henry Schools Out
9789355204509,1,195,My Wisdom Book
9780141370217,1,399,Sheep Pig
9788129124913,1,250,My Journey
9780143445876,1,299,From Leeches To Slug Glue 25 Explosive Ideas That Made And A
9789354405600,1,199,Kabir The Great Mystic - Greatest Spiritual Wisdom
9780192763761,3,550,Goozillas! Attack On Fungus Fort
9781800783829,1,726,#N/A
9781405233378,1,350,Friend Or Foe
9780008390662,1,350,One And Only Bob
9780007363667,1,350,Lion The Witch And The Wardrobe
9780007363667,1,350,Lion The Witch And The Wardrobe
9780241426692,1,399,Diary Of A Wimpy Kid Wrecking Ball
9780141353074,1,399,Diary Of A Wimpy Kid Hard Luck
9781848126893,1,899,The Eleventh Trade
9781848126893,1,899,The Eleventh Trade
9781529501223,3,350,Loki A Bad Gods Guide To Taking The Blame
9780141354934,1,450,A Wrinkle In Time
9789386228888,1,199,Adventures Of Young Kalam
9789391800208,1,350,The Birth Of My Nation Tracing Indias Nationhood
9780525555681,2,499,Night Diary
9780099572862,1,450,Boy In The Striped Pyjammas
9780147510488,1,650,War That Saved My Life
9781510105010,1,499,Boy At The Back Of The Class
9781405229289,1,350,Twist Of Gold
9780753545102,1,699,Elon Musk
9780241554142,1,399,Charlottes Web
9789347762871,2,495,#N/A
9781848126473,2,399,Girl Who Drank The Moon
9780007341764,1,350,Giver
9780241481486,1,550,Unlocking The Universe
9781408886984,1,499,Holes
9781524701277,1,450,Stars Beneath Our Feet
9780141376561,1,450,Cream Buns And Crime
9780141369792,1,499,Arsenic For Tea
9780241419830,1,499,Once Upon A Crime
9780241348383,1,450,Top Marks For Murder
9780141369822,1,499,First Class Murder
9780141369693,1,450,Jolly Foul Play
9780141369792,1,499,Arsenic For Tea
9781510201811,2,699,Land Of Storie 02 The Enchantress Returns
9781510201934,2,599,Land Of Storie 06 Worlds Collide
9781510201781,1,499,Land Of Storie 04 Beyond The Kingdoms
9781510201804,1,599,The Land Of Stories The Wishing Spell
9781510201927,1,699,The Land Of Storie 05 An Authors Odyssey
9781510201811,1,699,Land Of Storie 02 The Enchantress Returns
9781510201934,1,599,Land Of Storie 06 Worlds Collide
9781510201828,1,699,The Land Of Stories A Grimm Warning
9780143331735,1,350,Puffin Book Of 100 Great Indians
9781444963281,1,399,"Paper Boat, Paper Bird"
9780143453192,1,199,My Grandmothers Masterpiece
9780142401132,1,350,Sadako And The Thousand Paper Cranes
9780143418719,1,250,Very Best Of The Common Man
9780140284355,1,250,#N/A
9780143449430,1,350,Sahyadri Adventure Koleshwars Secret
9780143330981,1,250,Malgudi School Day
9780143334163,1,250,The Misadventures Of Butterfingers
9780143454663,1,299,Taatung Tatung And Other Amazing Stories Of Indias Diverse Languages
9780140348118,1,199,Indian Tales
9789354470509,1,399,The Hidden Palace Adventure Love Hate Story
9780143416050,1,150,Kabuliwallah
9789354475023,1,250,The Adventures Of Sirdar The Chief Of The Herd
9780143453147,1,450,The Puffin Book Of 100 Extraordinary Indians
9780143453147,1,450,The Puffin Book Of 100 Extraordinary Indians
9780143331728,1,175,On Top Of The World
9789355207722,1,295,Mahatma Gandhi On Hinduism
9789353767112,1,150,Why I Am An Atheist & Other Writings
9780143330523,1,250,Saffron White & Green
9780143331773,1,150,Gautama Buddha The Lord Of Wisdom
9780143331865,1,150,Swami Vivekananda
9780143332145,1,199,Chanakya
9780143331902,1,150,Guru Nanak The Enlightened Master
9780143332282,1,199,B.r. Ambedkar
9780143330813,1,150,Mahatma Gandhi
9780143331711,1,199,Mother Teresa
9780143330806,1,150,Ashoka The Great And Compassionate King
9789354400780,1,199,Lessons From The Mahabharat Greatest Spiritual Wisdom
9789354403248,1,199,Tantra Buddhism Greatest Spiritual Wisdom
9780143457732,1,199,The Boy Who Loved Birds
9780143330820,1,150,Jawaharlal Nehru The Jewel Of India
9780143330837,1,150,Akbar
9780143331322,1,150,Subhas Chandra Bose
9780143332237,1,199,Indira Gandhi
9780143331834,1,150,14th Dalai Lama Buddha Of Compassion
9780143335900,1,250,Malgudi Adventures
9780143334989,1,199,Vikram And Vetal
9780143331803,1,125,Rebels In Rajasthan
9780143330523,1,250,Saffron White & Green
9780143333159,1,199,Champs Of Devgarh
9780143428275,1,150,Mother Teresa
9780143428244,1,175,Junior Lives Gautama Buddha
9780143334996,1,199,Mission India : A Vision For Indian Youth
9780241520680,1,325,Amazing Muslims Who Changed The World 3
9789383074983,1,495,Dear Mrs Naidu
9788129142153,1,295,Learning How To Fly
9780143424123,1,250,Ignited Minds
9780143424741,1,399,Tunnel Of Time
9780143333531,1,275,My India Ideas For The Future
9780143333531,1,275,My India Ideas For The Future
9788194899129,1,199,Vedas And Upanishads Greatest Spiritual Wisdom For Tough Tii
9780140109412,1,299,My Dateless Diary An American Journey
9780140107913,1,299,"Writers Nightmare Selected Essays, 1958-88"
9780143331063,1,250,Face In The Water
9780140107913,1,299,"Writers Nightmare Selected Essays, 1958-88"
9789354405600,1,199,Kabir The Great Mystic - Greatest Spiritual Wisdom
9780143335320,1,199,White Tiger
9780143330349,1,250,Battle For No.19
9780143424123,2,250,Ignited Minds
9780241989524,1,599,Beach Read
9789351035961,1,450,Hunger Game
9789351035961,1,450,Hunger Game
9781409150725,1,699,Red Queen
9781804941430,1,599,Atmosphere
9780241995365,1,599,Happy Place
9781405983099,1,599,People We Meet On Vacation
9780349444567,1,699,Love Song
9781804941430,1,599,Atmosphere
9781035035212,1,599,You Have Reached Sam
9781399732376,1,999,#N/A
9780349439501,1,699,#N/A
9781398543454,1,599,Fearless
9781398543454,1,599,Fearless
9781780622286,1,699,Six Of Grows
9780349440897,1,599,The Legacy
9780349440873,1,599,The Goal
9780349428833,1,699,#N/A
9780349435954,1,699,#N/A
9780349435930,1,699,#N/A
9780349435930,1,699,#N/A
9780349435930,1,699,#N/A
9781473227989,1,599,Ninth House
9780349437095,1,599,Onyx Storm
9780349437095,1,599,Onyx Storm
9780349437095,1,599,Onyx Storm
9780241638477,1,550,"The Brothers Hawthorne (the Inheritance Games, 4)"
9780241638729,1,550,Glorious Rivals
9780241638705,1,550,"The Grandest Game (the Grandest Game, 1)"
9780241476178,1,550,Inheritance Games
9780241480724,1,550,The Hawthorne Legacy
9780241573631,1,550,The Final Gambit
9780241638729,1,550,Glorious Rivals
9780063566064,1,550,Catch Her If You Can A Novel
9780063566064,1,550,Catch Her If You Can A Novel
9781529176889,1,499,The Party Crasher
9780349439525,1,699,#N/A
9781405298605,1,550,As Good As Dead
9781408883082,1,599,Quidditch Through The Ages
9781408855652,1,599,Harry Potter And The Philosophers Stone
9781408855652,1,599,Harry Potter And The Philosophers Stone
9789352763337,1,295,Jane Eyre
9780008782115,1,550,"Good Girl, Bad Blood A Good Girls Guide To Murder (2)"
9780349434315,1,599,Twisted Games The Tiktok Sensation! Fall Into A World Of Addictive Romance
9780349434278,1,599,Twisted Love The Tiktok Sensation! Fall Into A World Of Addictive Romance
9780349434339,1,599,Twisted Hate The Tiktok Sensation! Fall Into A World Of Addictive Romance
9789373070018,12,350,#N/A
9780356519227,1,699,Emily Wildes Compendium Of Lost Tales
9781788403344,1,699,Sherpa Stories Of Life And Death From The Guardians Of Everest
9781398537866,1,499,Fake Skating
9781408725771,1,499,Love On The Brain
9780008566593,1,499,The Seven Year Slip
9781398510524,1,499,The Breakup Expert
9780593594704,1,650,Just As You Are
9781406394825,1,399,The Notorious Scarlett And Browne
9781398515642,1,499,The American Roommate Experiment
9780593441077,1,599,Love And Other Flight Delays
9781786495259,1,550,Call Me By Your Name
9781786495259,1,550,Call Me By Your Name
9781408725771,1,499,Love On The Brain
9780008587659,1,899,A Song Of Ice And Fire Fire And Blood
9781909531611,1,499,The Book Thief
9780008537739,1,599,The Lord Of The Rings 2 The Two Towers Tv Tie-in Edition Book 2
9781471411991,1,450,Princess Of Souls
9781526650788,1,599,Piranesi
9781784971571,1,599,The Three-body Problem
9780593098271,1,750,Dune
9780008365943,1,499,How To Kill Your Family The #1 Sunday Times Bestseller
9781526676030,1,599,Memoirs Of A Teenage Amnesiac
9780349442259,1,599,The Striker
9781804947845,1,599,Dont Fall In Love With Me
9781409120544,1,599,Eleanor & Park
9781529176926,1,499,Night Of Demons And Saints
9780571371600,1,599,Cursed
9780241627761,1,499,If Tomorrow Doesnt Come
9781398505155,1,499,The Love Match
9780008471392,1,499,The Love Arrangement
9781405983099,1,599,People We Meet On Vacation
9781405955041,1,599,Glint
9781529158526,1,550,The School For Good Mothers
9789357020107,1,395,Not A Rat Race Success Mantras Of World Athletes
9781786495259,1,550,Call Me By Your Name
9781471403989,1,599,We Were Liars
9781405955003,1,599,Gild
9781405955027,1,599,Gleam
9781783789818,1,599,I Am A Fan
9781398530638,1,499,Chefs Choice
9781398510524,1,499,The Breakup Expert
9780147510426,1,750,Boy Who Harnessed The Wind
9780735228528,1,650,The Night Diary
9781801300780,1,599,Odder
9781035407644,1,799,Charlotte Illes Is Not A Detective
9781785303814,1,499,Just Dont Mention It 4
9780008518912,1,499,The Break-up Clause
9781398505247,1,399,Aristotle And Dante Discover The Secrets Of The Universe
9780141354934,1,450,A Wrinkle In Time
9780241573631,1,550,The Final Gambit
9781408725764,1,599,The Love Hypothesis Tiktok Made Me Buy It! The Romcom Of The Year!
9781408725764,1,599,The Love Hypothesis Tiktok Made Me Buy It! The Romcom Of The Year!
9780241473689,1,499,Nothing More To Tell
9780241473689,1,499,Nothing More To Tell
9780241376928,1,550,One Of Us Is Next
9780241473689,1,499,Nothing More To Tell
9781728282817,1,599,A Touch Of Ruin
9781529099461,1,599,Red White & Royal Blue
9780241476178,1,550,Inheritance Games
9780241480724,1,550,The Hawthorne Legacy
9780147510426,1,750,Boy Who Harnessed The Wind
9781728282800,1,599,A Touch Of Drkness
9780241992234,1,499,You And Me On Vacation
9780241992234,1,499,You And Me On Vacation
9780008639136,1,499,What I Thought Was True
9780008639136,1,499,What I Thought Was True
9780008639105,1,499,The Boy Most Likely To
9781405293181,1,499,A Good Girls Guide To Murder
9781405298605,1,550,As Good As Dead
9781405945738,1,399,The Way Back To You The Funny And Heart-warming Story Of Long Lost Love And Second Chances
9781529511147,1,399,The Sky Is Everywhere
9781398521568,1,499,To Hate Adam Connor
9781398521568,1,499,To Hate Adam Connor
9781405297752,1,450,Good Girl Bad Blood
9781398530607,1,499,Chefs Kiss
9781529426861,1,799,On Rotation
9781398505209,1,399,Heres To Us
9781408725771,1,499,Love On The Brain
9781408725771,1,499,Love On The Brain
9780349437729,1,699,Reckless
9780349437682,1,699,Heartless
9780349437675,1,699,Flawless
9780349437705,1,699,Powerless
9781398515628,1,499,The Spanish Love Deception Tiktok Made Me Buy It! The Goodreads Choice Awards Debut Of The Year
9781398515628,1,499,The Spanish Love Deception Tiktok Made Me Buy It! The Goodreads Choice Awards Debut Of The Year
9781529176704,1,499,Last Time We Met
9781529176704,1,499,Last Time We Met
9781786495259,1,550,Call Me By Your Name
9781786495259,1,550,Call Me By Your Name
9781804945032,1,499,Summer Reading
9781804945032,1,499,Summer Reading
9789380069319,1,395,Best Of Tenali Rama
9789381607435,1,395,Life And Times Of The Ten Sikh Gurus
9789380070797,1,495,365 Question And Answers
9789352760954,2,695,365 Ways To Save The Environment Go Green Stories 365 Series
9789352764051,2,695,365 Tales From Islam (hb)
9789352768639,2,695,365 Tales Of Hanuman (indian Mythology For Children) (365 Series)
9789352764068,2,595,365 Nature Stories (hb)
9789381607497,1,695,365 Stories From Around The World
9788187107521,1,695,365 Animal Tales
9789382607748,1,395,Tales Of Mullah Nasruddin
9789380069364,1,595,365 Bible Stories (hb)
9789352760077,1,695,365 Tales From Indian Mythology Hindi
9789383202812,1,595,365 Science Experiments (hb)
9789380070780,1,395,101 Wonders Of The World
9789380069319,1,395,Best Of Tenali Rama
9789380069357,1,695,365 Wonders Of The World
9789380070780,1,395,101 Wonders Of The World
9788195955893,1,695,Story Book 365 Ganesh Kathayein - Indian Mythology For Kids (illustrated Story Book)
9789352767236,1,695,365 Krishna Stories Indian Mythology For Children 365 Series
9789381607220,1,395,Shivaji Maharaj
9789353767310,1,595,Mahabharata In Rhyme (hb)
9789384225346,1,695,365 People Who Changed The World
9789384225346,1,695,365 People Who Changed The World
9789381607800,1,695,365 Panchantra
9789392834981,1,995,Ramayan Bacchon Ke Liye - Ramayana For Children In Hindi - Illustrated Story Book For Kids
9789385252549,1,995,Ramayana For Children
9788196010935,1,995,Baal Mahabharat Hindi
9781853261367,1,310,A Little Princess
9781853261589,1,310,Little Prince
9781853261725,1,165,Tales Of Troy And Greece
9781853261367,1,310,A Little Princess
9781840221763,1,195,Little Men & Jo's Boys
9781840226515,1,165,Twas The Night Before Christmas
9781853261114,1,165,Swiss Family Robinson
9781853261282,1,165,Aesop's Fables
9781853261312,1,310,What Katy Did
9781853261213,1,165,A Christmas Carol
9781853261299,1,165,Enchanted Castle
9781853261220,1,310,Wind In The Willows
9781853261589,1,310,Little Prince
9781853261152,1,165,Tales From King Arthur
9781853261244,1,335,Five Children And It
9781853261251,1,310,Heidi
9781853261251,1,310,Heidi
9781853261077,1,310,Railway Children
9781853261077,1,310,Railway Children
9781853261244,1,335,Five Children And It
9781853261152,1,165,Tales From King Arthur
9781840224344,1,310,Irish Fairy Tales
9781853261725,1,165,Tales Of Troy And Greece
9781853261275,1,165,Robin Hood
9781840226751,1,195,Pollyanna And Plllyanna Grows Up Eleanor H Porter
9789353766375,1,295,The Jungle Book & The Second Jungle Book
9789352763375,1,150,Adventures Of Tom Sawyer
9789352766475,1,175,Heidi
9789352766451,1,195,Prince
9789353761745,1,195,Casebook Of Sherlock Holmes And His Last Bow
9789353764326,1,250,The Pilgrims Progress
9789352760015,1,195,Tales From Shakespeare
9789352762903,1,150,Portrait Of The Artist As A Young Man
9789352766475,1,175,Heidi
9789352767106,1,295,Republic
9789352766789,1,395,51 Great Short Stories
9789352766444,1,395,David Copperfield
9781784744656,1,699,Tomorrow And Tomorrow And Tomorrow A Bbc Radio 2 Book Club Pick For July 2022
9780008421779,1,699,Cleopatra And Frankenstein Move Over Sally Rooney This Is The Hottest New Book Sunday Times
9781780558202,3,599,365 Cool Ways To Remember Stuff
9789353765606,1,295,Just So Stories
9789385031472,1,225,Man In The Iron Mask
9789384225391,1,225,Hunchback Of Notre-dame
9789383202768,1,295,Jungle Book (hb)
9789385031526,1,295,Mill On The Floss
9789382607380,1,295,A Journey To The Centre Of The Earth
9789384225407,1,295,20000 Leagues Under The Sea
9789383202461,1,295,Heidi
9789382607045,1,225,Last Of The Mohicans
9789386410009,1,295,Adventures Of Sherlock Holmes
9789380070889,1,199,King Arthur : And The Knight Of The Round Table
9789380070872,1,295,Pollyanna
9789385031557,1,225,Les Miserables
9789382607465,1,225,Merry Adventures Of Robin Hood
9789385031458,1,225,King Solomins Mines
9789385031861,1,295,Second Jungle Book
9789352767038,1,225,What Katy Did (hb)
9789352761159,1,295,Memoirs Of Sherlock Holmes
9789386410016,1,295,Case Book Of Sherlock Holmes
9789384225384,1,295,Hound Of The Baskervilles
9789353764319,1,295,Tales From Shakespeare
9789384225445,1,295,Time Machine
9789384225506,1,295,Persuasion
9789381607473,1,295,Three Musketeers
9789384225353,1,295,Sense And Sensibility
9789384225513,1,225,Strange Case Of Dr Jekyll And Mr Hyde
9789385031670,1,225,Importance Of Being Earnest
9789353765583,1,295,Story Of My Experiments With Truth
9789385031465,1,295,Uncle Toms Cabin
9789353764302,1,295,Story Of My Life
9789352766901,1,225,White Fang (hb)
9789353766764,1,199,Rebecca Of Sunnybrook Farm
9789384225490,1,295,Through The Looking Glass
9789385031502,1,295,Little Men
9789384225476,1,199,Daddy-long-legs
9789383202751,1,199,Adventures Of Huckleberry Finn
9789381607510,1,295,A Tale Of Two Cities
9789380070957,1,295,Great Expectations
9789385031571,1,225,Tess Of The Durbervilles (hb)
9789385031625,1,295,Pickwick Papers
9789385031656,1,225,Scarlet Letter
9789382607410,1,225,Swiss Family Robinson
9789385031588,1,199,The Black Arrow
9789380070865,1,295,Beauty And The Beast
9789383202959,1,295,Wuthering Heights
9789381607770,1,295,David Copperfield
9789385031632,1,199,Bleak House
9789380070858,1,199,Call Of The Wild
9789384225421,1,225,Kim
9789353763633,1,125,Alchemist
9789353764708,1,295,The Portrait Of A Lady
9789352762910,1,295,Oliver Twist
9789353765712,1,295,On The Origin Of Species Unabridged Classics Unabridged Classics
9789352767083,1,175,Gullivers Travels
9789353766375,1,295,The Jungle Book & The Second Jungle Book
9789353764593,1,250,Originals Franz Kafka Selected Works
9789352766949,1,360,Moby Dick Or The Whale
9789353766771,1,195,Thus Spake Zarathustra
9789352766482,1,195,Three Men In A Boat
9789352766482,1,195,Three Men In A Boat
9789352767168,1,195,Robinson Crusoe
9789352762910,1,295,Oliver Twist
9789352763399,1,250,Adventures Of Tom Sawyer And Huckleberry Finn
9789385031519,1,295,Crime And Punishment
9789385031595,1,175,Great Gatsby
9789380070902,1,199,War Of The Worlds
9789382607021,1,295,Black Beauty (hb)
9789385031540,1,199,Mansfield  Park
9789385031601,1,295,Northanger Abbey (hb)
9789385031441,1,295,A Christmas Carol
9789383202720,1,295,Alice In Wonderland
9789384225414,1,295,Kidnapped
9789380070919,1,295,Around The World In 80 Days
9789385031564,1,199,Mayor Of Casterbridge
9789384225360,1,295,Picture Of Dorian Gray
9789352766918,1,295,Canterville Ghost (hb)
9789385031649,1,225,Silas Marner
9789353766757,1,295,Diary Of A Young Girl
9789384225520,1,295,Emma
9789385031496,1,199,Prince And The Pauper
9789377307622,150,250,How The Chilli Became Hot
9789352763955,1,150,Tales In Rhyme Aladdin And The Magic Lamp
9789352763917,1,150,Tales In Rhyme Snow White And The Seven Dwarfs
9781509862580,1,499,Whatever Next!
9781406349795,1,599,Walker Books Wheres My Teddy?
9789352763900,1,150,Tales In Rhyme Cinderella
9789352763948,1,150,Tales In Rhyme Beauty And The Beast
9789352765065,1,595,Virtues (hb)
9789352765072,2,595,Virtues For Children (hb)
9781842394694,3,350,Favourite Classic Stories
9781499808278,1,2199,A World Of Birds (blueprint Editions)
9781406394122,1,999,"My Big Book Of Questions About The World (with All The Answers, Too!)"
9781406399165,3,699,Masters Of Disguise Can You Spot The Camouflaged Creatures?
9780500653081,2,1999,Pop-up Forest An Extraordinary Layer-by-layer Guide To Human Anatomy
9789385252914,1,125,Enchanted Horse
9789385252945,1,125,Ruined Man Who Becaem Rich
9789386410764,1,125,Crested Dilophosaurus
9789385252921,1,125,Fisherman And The Genie
9781789898569,1,2099,6000 Awesome Facts
9788197835216,2,299,My First Alphabet Picture Dictionary
9788197835254,1,299,My First 4 In 1 Concepts Book
9781801083638,1,999,Rescue Truck
9780241457276,2,250,Molly Mole
9780241404096,3,299,Candy Cat
9780241404188,1,250,Kylie Kangaroo
9780241532720,1,299,Richard Rabbit
9780241532744,3,299,Fire Fighter
9780241404218,1,250,Suzy Sheep
9780241457320,1,250,Wendy Wolf
9780241404225,5,250,Zoe Zebra
9780241466476,2,350,Hey Duggee Happy
9780241466490,5,450,Hey Duggee Roly
9780241466445,5,450,Hey Duggee Tag
9780241466391,5,450,Norrie
9780710520692,1,350,Rex Steams To The Rescue (my First Jcb)
9780710520692,1,350,Rex Steams To The Rescue (my First Jcb)
9780241457320,5,250,Wendy Wolf
9780723266204,3,250,Spot Looks At Shapes
9780241532706,2,350,Peppa & Friends Edmond Elephant
9780241457283,2,250,Mandy Mouse
9780241404126,3,250,Freddy Fox
9780241457276,1,250,Molly Mole
9780241532706,1,350,Peppa & Friends Edmond Elephant
9780241457344,1,250,Emily Elephant
9780241457283,1,250,Mandy Mouse
9780241648582,2,250,Fun With Spot Weather
9780241532768,1,299,Nurse
9780241457252,1,450,The Panda Twins
9780241466391,1,450,Norrie
9780241457252,1,450,The Panda Twins
9780241648551,1,299,Fun With Spot Playtime
9780241532775,1,299,Happy
9780241457252,1,450,The Panda Twins
9780241532744,1,299,Fire Fighter
9780241404218,1,250,Suzy Sheep
9780241532775,1,299,Happy
9780241466490,1,450,Hey Duggee Roly
9780241457337,1,250,Gabriella Goat
9780241404201,1,250,Pedro Pony
9780241404201,1,250,Pedro Pony
9780241532768,1,299,Nurse
9780241404102,1,350,Peppa & Friends Danny Dog
9780241404218,1,250,Suzy Sheep
9780241404218,1,250,Suzy Sheep
9780241404218,1,250,Suzy Sheep
9780241404102,1,350,Peppa & Friends Danny Dog
9780241404201,1,250,Pedro Pony
9780241457252,1,450,The Panda Twins
9780241457252,1,450,The Panda Twins
9780241457252,1,450,The Panda Twins
9780241457252,1,450,The Panda Twins
9780241532768,1,299,Nurse
9780241532737,1,299,Teacher
9780241532737,1,299,Teacher
9780241532737,1,299,Teacher
9780241457276,1,250,Molly Mole
9780241404133,1,299,Gerald Giraffe
9780241457269,1,250,Peppa Pig Rebecca Rabbit
9780241457269,1,250,Peppa Pig Rebecca Rabbit
9780241404133,1,299,Gerald Giraffe
9780241457269,1,250,Peppa Pig Rebecca Rabbit
9781399601665,1,2199,"The Real Women Of Greek Myths A 1,000 Piece Jigsaw Puzzle"
9782764352373,1,1499,Disney Frozen Ii Magnetic Drawing Pad
9782764352373,1,1499,Disney Frozen Ii Magnetic Drawing Pad
9780744032390,1,3599,Lego The Magical Companion To The Wizarding World
9781842394694,1,350,Favourite Classic Stories
9781035086450,7,450,Happy Eid Sticker Activity Book With Over 400 Stickers
9780143460114,1,399,Diversity
9781474999182,1,499,All About Worries And Fears
9781474937115,1,499,All About Feelings
9781761210808,1,699,Clyde The Greyhound
9781406390308,1,999,All Around Me A First Book Of Childhood
9781618933737,3,399,Time For Kids Explores Robots
9781526362988,2,1299,A Bugs World
9780241435533,1,1099,Water World (hb)
9781474986137,1,1099,Lift The Flap Trees
9789354471926,1,350,Mishti The Mirzapuri Labrador Urf Mishti Ke Karname
9789354471926,1,350,Mishti The Mirzapuri Labrador Urf Mishti Ke Karname
9789391067342,1,299,My Little Sikh Handbook Travel Journal Visiting Amritsar
9789391067342,1,299,My Little Sikh Handbook Travel Journal Visiting Amritsar
9789391067342,1,299,My Little Sikh Handbook Travel Journal Visiting Amritsar
9780143455332,1,299,Little Jagadish And The Great Experiment
9789384625849,1,595,Jataka Tales
9781416904540,1,299,Dora's Easter Basket
9781416904540,1,299,Dora's Easter Basket
9781416904540,1,299,Dora's Easter Basket
9781416904540,1,299,Dora's Easter Basket
9781841359724,1,350,The Children's Book Of Healthy Habits
9781782700654,5,350,Childrens Book Of Money Sense
9781841359090,2,350,The Children's Book Of Keeping Safe
9781841359724,5,350,The Children's Book Of Healthy Habits
9781847507082,1,250,Penguins Can't Fly
9781847507082,1,250,Penguins Can't Fly
9781847507099,1,250,Goat That Gloats
9781847507099,1,250,Goat That Gloats
9780857261977,1,250,Little Bear Won't Sleep
9780857260437,1,250,Lamb Says Boo
9780857260437,1,250,Lamb Says Boo
9780857260413,1,99,Charlie And The Cheesemonster
9780857260413,1,99,Charlie And The Cheesemonster
9780857260437,1,250,Lamb Says Boo
9780857260413,1,99,Charlie And The Cheesemonster
9780857261977,1,250,Little Bear Won't Sleep
9781847507099,1,250,Goat That Gloats
9781847507082,1,250,Penguins Can't Fly
9780857260420,1,99,Squeak The Lion
9780857260406,1,250,Dazzle Duckling
9780857260413,1,99,Charlie And The Cheesemonster
9789385252778,1,99,Festivals Of The World Gurpurab
9789385252785,1,125,Festivals Of The World Christmas
9789385252761,1,99,Festivals Of The World  Eid
9789385252747,1,125,Festivals Of The World Holi
9789386410665,1,125,Wait For Your Turn
9789386410627,1,125,Lets Shake Hands
9789386410597,1,125,Help In On The Way
9789386410276,1,125,Network Of Life
9789385252303,1,125,Scared Little Mouse
9789385252334,1,125,Hidden Treasure
9789385252280,1,125,Blind Man With A Lamp
9789381607886,1,125,Bearand The Travellers
9789381607893,1,125,Two Goats
9789384119737,1,125,Dog And His Reflection
9789384119683,1,125,Thirsty Crow
9789381607923,1,125,Town Mouse And Country Mouse
9789384119706,1,125,Donkey In The Lion Skin
9789386410832,1,125,Environmentalist
9789385252761,1,99,Festivals Of The World  Eid
9781406349795,1,599,Walker Books Wheres My Teddy?
9781509862580,1,499,Whatever Next!
9788170112310,1,250,Panchtantra Ki Kahaniyan
9789353762704,3,295,Diary Of A Nerd The Twilight Zone
9789353762711,2,295,Diary Of A Nerd War Games!
9789384625030,1,125,Footy And His Shoes Level 1
9789384625023,1,125,Juno Gets Lost Level 1
9789386108869,1,125,Fun With Grdndmd
9789352760220,1,99,Carrie And  Coco The Cat
9789386108920,1,99,Off To The Zoo
9789352760282,1,99,Ken Lily And Lady Lia
9789352760213,1,99,The Best Birthday Ever
9789352760237,1,99,Doms Day Out
9789386108906,1,125,Off To The Market
9789386108340,1,125,Fun At Home
9789384625160,1,99,Emperors New Clothes Level 5
9789384625153,1,99,Little Tin Soldier Level 5
9789384119492,1,99,Koko The Kite Level 4
9789384625115,1,99,Thinko Level 4
9789384625139,1,99,Its Good To Share Level 4
9789384119560,1,99,Violet Level 4
9789384625122,1,99,Woof Moves To The City Level 4
9789384119577,1,99,Horse Of The Year Level 4
9789385273889,1,99,Snoopy And The Magical Sneakers
9789385273865,1,99,Blake And The Blue Day
9789384625078,1,99,Tina's Blue Stone Level 2
9789385273834,1,99,Sleepy Bleek Level 2
9789385273827,1,99,Cutest Mule Level 2
9789384119454,1,125,Toto And His Bone Level 1
9789384119515,1,125,Tina Finds A Coin Level 1
9789385273780,1,125,Fun Under The Sun
9789385273735,1,125,Little Red Egg
9789385273896,1,99,Travis And The Train Journey
9789384119478,1,99,Pickles And Bubbles Play A Trick Level 3
9789384119553,1,99,Get Well Soon Sippo Level 3
9789384625085,1,99,Camby Says Sorry Level 3
9789385273902,1,99,Missing Cheese
9789384119584,1,99,Sams Birthday Gift Level 2
9789384625047,1,99,Nutty's Seed Level 2
9789384625054,1,99,Mooshik And His Books Level 2
9789385273841,1,99,Deeg And Doof Go To The Zoo Level 2
9789385273872,1,99,Off To Candyland
9789384119508,1,99,Pied Piper Of Hamelin Level 5
9789386108883,1,125,Off To The Farm
9789352760206,1,99,Anna And Aunt Alices Garden
9789386108197,1,99,Time To Sing
9789352760374,1,99,Zachs Merry Xmas
9789386108364,1,125,Fun At The Camp
9789386108876,1,99,Off To The Circus
9789386108937,1,125,Time To Bake
9789385273858,1,99,Stella And Her Storybooks
9789386108890,1,99,Off To The Forest
9789386108210,1,125,The Surprise Party
9789386108357,1,125,Fun At The Beach
9789352760305,1,99,Neds Forgetful Nana
9789352760268,1,99,Hal Plays Hide And Seek
9789352760251,1,99,Gabys Garden
9789386108913,1,99,Off To The Park
9789353762698,4,295,Diary Of A Nerd The Thousand Lights Of Hollywood
9789394547247,2,295,Diary Of A Nerd The Story Of A Very Special Kid Who Believes In Fantasy
9789353762704,1,295,Diary Of A Nerd The Twilight Zone
9789353762728,2,295,Diary Of A Nerd Strange World
9781407147215,1,395,The Brain-bending Basics
9781407147239,1,395,The Secrets Of Sums
9781407147222,1,395,All Shapes And Measures
9781407147222,1,395,All Shapes And Measures
9781407147215,1,395,The Brain-bending Basics
9781407147239,1,395,The Secrets Of Sums
9781407147239,1,395,The Secrets Of Sums
9781407147208,1,395,The Magic Of Maths
9781407147222,1,395,All Shapes And Measures
9788179639399,1,199,Friends Jokes Forv Kids
9788179637593,1,199,501 Fascinating Facts
9788179639436,1,199,Parents Jokes For Kids
9788179639429,1,199,Ghost Jokes For Kids
9788179639399,1,199,Friends Jokes Forv Kids
9788179639412,1,199,Doctors Jokes For Kids
9788179638729,1,199,New Riddles For Kids
9788179639436,1,199,Parents Jokes For Kids
9788179639382,1,199,Animal Jokes For Kids
9788179639399,1,199,Friends Jokes Forv Kids
9788179637616,1,199,501 Incredible Facts
9788179639405,1,199,Teacher Jokes For Kids
9788179637586,1,199,501 Amazing Facts
9788179637609,1,199,501 Wonderful Facts
9780008743314,1,399,Amazing Facts Kamala Harris
9788179639412,1,199,Doctors Jokes For Kids
9788179639436,1,199,Parents Jokes For Kids
9788179637586,1,199,501 Amazing Facts
9781780558165,1,599,The Best Would You Rather Book
9788179637586,1,199,501 Amazing Facts
9788179639429,1,199,Ghost Jokes For Kids
9788179638750,1,199,New Riddles For Kids
9788179639412,1,199,Doctors Jokes For Kids
9788179637593,1,199,501 Fascinating Facts
9788179637609,1,199,501 Wonderful Facts
9788179637593,1,199,501 Fascinating Facts
9781488925092,1,399,101 Cool Science Experiments
9781743520680,1,399,101 Cool Science Experiments
9781743520710,1,399,1001 Cool Freaky Facts
9781743520680,1,399,101 Cool Science Experiments
9781743520710,1,399,1001 Cool Freaky Facts
9781488911224,1,399,Cool Mind Melters
9781488925092,1,399,101 Cool Science Experiments
9781488908675,1,399,101 Cool Hilarious Histories
9781743520710,1,399,1001 Cool Freaky Facts
9781743520710,1,399,1001 Cool Freaky Facts
9781743520680,1,399,101 Cool Science Experiments
9789355417978,1,149,Hello Friend Books Word Search Puzzles Book With Solutions 150+ Puzzles From Easy To Hard For Adults (book 3)
9789389717297,1,149,Mind Teaser Word Search
9789355415165,1,149,Hello Friend Books Word Search Puzzles Book With Solutions 150+ Puzzles From Easy To Hard For Adults (book 1)
9789355414779,1,149,Hello Friend Books Word Search Puzzles Book With Solutions 150+ Puzzles From Easy To Hard For Adults (book 4)
9789355414779,1,149,Hello Friend Books Word Search Puzzles Book With Solutions 150+ Puzzles From Easy To Hard For Adults (book 4)
9789355416094,1,149,Hello Friend Books Word Search Puzzles Book With Solutions 150+ Puzzles From Easy To Hard For Adults (book 2)
9789355416681,1,149,Hello Friend Books Word Search Puzzles Book With Solutions
9789355418906,1,149,Hello Friend Books Crossword Puzzles Book With Solutions 150+ Puzzles From Easy To Hard For Adults
9789355418906,1,149,Hello Friend Books Crossword Puzzles Book With Solutions 150+ Puzzles From Easy To Hard For Adults
9789355415486,7,149,Hello Friend Books Sodoku Puzzles Book With Solutions 170+ Puzzles From Easy To Hard For Adults
9780709720867,2,250,My Little Book Of Stories For Boys
9789353764043,2,595,Babys First Farm Animals Cow Duck Dog Hen Sheep And Horse (set Of 6 Books)
9789353764036,1,595,Babys First Wild Animals Elephant Lion Monkey Zebra Tiger And Giraffe (set Of 6 Books)
9789355415486,5,149,Hello Friend Books Sodoku Puzzles Book With Solutions 170+ Puzzles From Easy To Hard For Adults
9789355417978,1,149,Hello Friend Books Word Search Puzzles Book With Solutions 150+ Puzzles From Easy To Hard For Adults (book 3)
9780709719373,1,250,My Ballet Story
9780709719755,1,250,My Little Book Of Goodnight Stories
9780709721215,1,250,My Little Book Of Princess Stories
9780709721215,1,250,My Little Book Of Princess Stories
9780709719373,1,250,My Ballet Story
9780709719755,1,250,My Little Book Of Goodnight Stories
9781423645924,1,699,Arabian Nights Aladdin And The Wonderful Lamp
9780709720867,1,250,My Little Book Of Stories For Boys
9789352769995,1,700,Copy Colouring Pack Collection Of 10 Books
9789354401138,1,499,Chhota Bheem Play It Cool! Fun Activity Books Box Set
9789389717556,1,395,My First Fun Activity Box Set Of 4 Books
9781472360298,3,395,Hiros San Fransokyo Files
9789380069791,1,325,My First Book Of Words
9780241616543,1,1299,Read It Yourself With Ladybird (level 2) 10 Hardcover Books In Tuck Box
9780241647028,1,1299,Read It Yourself With Ladybird (level 3) 8 Hardcover Books In Tuck Box
9788129137890,2,195,My Life An Illustrated Autobiography
9789387779266,2,799,My First Mini Library Box Set
9781648333675,1,799,Little Learners Book And Puzzle Set Dinosaurs
9781648333651,1,799,Little Learners Book And Puzzle Set Numbers 1 2 3
9781789897074,2,2499,Busy Machines! Slipcase
9781503733053,1,199,Lets Write Numbers
9781409392729,1,1199,Moshi Monsters Moshipedia
9781409392729,1,1199,Moshi Monsters Moshipedia
9789359853826,1,300,Marvellous Colouring Book For Kids
9789359858821,1,300,Crazy Colouring Book For Kids
9789359857862,1,300,Super Colouring Book For Kids
9789359858821,1,300,Crazy Colouring Book For Kids
9789359857695,1,300,Cool Colouring Book For Kids
9789359857695,1,300,Cool Colouring Book For Kids
9789359853437,1,300,Awesome Colouring Book For Kids
9789359853437,1,300,Awesome Colouring Book For Kids
9789359857862,1,300,Super Colouring Book For Kids
9789359853826,1,300,Marvellous Colouring Book For Kids
9789359857695,1,300,Cool Colouring Book For Kids
9789359858821,1,300,Crazy Colouring Book For Kids
9789393568199,3,495,Just For Boys A Book Growing Up
9789393568243,1,495,Just For Girls A Book About Growing Up
9781838527075,3,899,5+ Subtraction (help With Homework)
9780857800022,5,850,My How To Draw Pack (sticker Activity Wallet)
9781789054811,1,699,Snow White (carry Fun Fairytale Sounds)
9780857802293,1,1299,Noisy Pirates
9781789054828,1,699,Cinderella (carry Fun Fairytale Sounds)
9780857802293,1,1299,Noisy Pirates
9781789054811,1,699,Snow White (carry Fun Fairytale Sounds)
9781786703873,1,799,Digger Fun Time
9781784407391,1,850,Fairytales Sticker Wallet
9781786703873,1,799,Digger Fun Time
9781786703873,1,799,Digger Fun Time
9780603571831,9,499,Thomas Snowy Day
9780603570070,10,499,Molly The Very Special Engine
9780603571831,1,499,Thomas Snowy Day
9780603571831,1,499,Thomas Snowy Day
9780603571831,1,499,Thomas Snowy Day
9780603571831,1,499,Thomas Snowy Day
9780603571831,1,499,Thomas Snowy Day
9780603571831,1,499,Thomas Snowy Day
9780603571831,1,499,Thomas Snowy Day
9780603571831,1,499,Thomas Snowy Day
9780603571831,1,499,Thomas Snowy Day
9781405289047,1,599,Trouble On The Tracks
9781405289047,1,599,Trouble On The Tracks
9781405289047,1,599,Trouble On The Tracks
9780603566837,1,499,Dunkin Duncan
9781405289047,1,599,Trouble On The Tracks
9780603570070,1,499,Molly The Very Special Engine
9781405289054,1,499,Great Rescue
9781405289047,1,599,Trouble On The Tracks
9780603566882,1,599,Percy And James In The Middle
9780603571831,1,499,Thomas Snowy Day
9781405289054,1,499,Great Rescue
9781405289047,1,599,Trouble On The Tracks
9780603566882,1,599,Percy And James In The Middle
9780603571831,1,499,Thomas Snowy Day
9780603566837,1,499,Dunkin Duncan
9780603566837,1,499,Dunkin Duncan
9780603566837,1,499,Dunkin Duncan
9780603571831,1,499,Thomas Snowy Day
9780603571831,1,499,Thomas Snowy Day
9780603571831,1,499,Thomas Snowy Day
9780603566882,1,599,Percy And James In The Middle
9780603566882,1,599,Percy And James In The Middle
9780603566882,1,599,Percy And James In The Middle
9781839133978,1,750,Elmer And The Lost Teddy
9781405289047,1,599,Trouble On The Tracks
9781405289047,1,599,Trouble On The Tracks
9781405289054,5,499,Great Rescue
9780143455523,7,199,The Secret Garden
9780143455530,3,125,Alice In Wonderland
9780143457572,1,175,The Wizard Of Oz
9780143455530,12,125,Alice In Wonderland
9780143457534,1,150,The Jungle Book
9789352767021,1,395,51 Best Short Stories
9781853262500,1,165,Rainbow
9781853260155,1,235,Picture  Of Dorian  Gray
9781840220995,1,435,Devils Fyodor Dostoevsky
9781853260452,1,295,Robinson Crusoe
9781853260483,1,435,Dubliners
9781840228038,1,295,Animal Farm
9781853260094,1,185,Hamlet
9781853260988,1,335,Mayor Of Casterbridge
9781853262357,1,435,Winters Tale
9781853261947,1,310,Our Mutual Friend
9781840224337,1,435,Romeo And Juliet
9781840228021,1,295,Nineteen Eighty-four A Novel
9781853260865,1,435,Dracula
9781840224016,1,310,De Profundis The Ballad Of Reading....
9781853262586,1,165,Plumed Serpent
9781840224214,1,295,Henry V
9781853262616,1,435,Jude The Obscure
9781853260353,1,185,Macbeth
9781853260223,1,435,Julius Caesar
9789352766451,1,195,Prince
9781853260155,1,235,Picture  Of Dorian  Gray
9781853260179,1,295,Wind In The Willows
9781853260735,1,165,Moll Flanders
9781853261916,1,310,Mrs  Dalloway
9781853262883,1,435,Selected Stories
9781840226898,1,295,Mary Barton Wordsworth Classics
9781853260308,1,185,A Midsummer Night's Dream
9781853267345,1,335,Complete Ghost Stories
9781853260650,1,295,Secret Agent
9781853260179,1,295,Wind In The Willows
9781853260001,1,235,Pride And Prejudice
9781853262692,1,435,Wessex Tales
9781853260308,1,185,A Midsummer Night's Dream
9781853260186,1,185,Othello
9780143333265,1,399,Puffin History Of India Vol 1
9788185986173,1,295,Malgudi Days
9788185986173,1,295,Malgudi Days
9781853260100,1,435,Twelfth Night
9781840224276,1,165,Washington Square
9781853262135,1,165,Daisy Miller And Other Stories
9781853260957,1,435,King Lear
9781840224313,1,185,Merchant Of Venice
9781853260315,1,435,Twenty Thousand Leagues Under The Sea
9781853261916,1,310,Mrs  Dalloway
9781853260179,1,295,Wind In The Willows
9781853261787,1,165,Life's Little Ironies
9781853260070,1,185,Women In Love
9781853260599,1,185,As You Like It
9781853260414,1,435,Great Gatsby
9781853260452,1,295,Robinson Crusoe
9781853260391,1,435,A Tale Of Two Cities
9781840227642,1,235,Swiss Family Robinson
9781853260377,1,295,Lord Joseph
9781853260322,1,435,Mansfield Park
9781840221862,1,435,Karamazov Brother
9781853260162,1,435,Sense And Sensibility
9789780882174,5,599,The Abyssinian Boy
9781739774776,5,399,The Real Owners Of Britain
9781782491989,1,399,My First Camping Book
9781782490395,1,899,My First Knitting Book
9781841359090,1,350,The Children's Book Of Keeping Safe
9789354404764,1,199,Origami - Step-by-step Introduction To The Art Of Paper-folding - Activity Book For Children - Level 3 Advanced
9789354404924,1,199,Origami - Step-by-step Introduction To The Art Of Paper-folding - Activity Book For Children - Level 1 Beginners
9781782490395,1,899,My First Knitting Book
9781782491989,1,399,My First Camping Book
9781788287951,1,195,Large Print Crosswords Easy To Read Puzzles
9781785995224,1,195,Large Print Crosswords
9781785998768,1,195,Crosswords
9781788287951,1,195,Large Print Crosswords Easy To Read Puzzles
9781788287944,1,195,Crosswords
9781785998775,1,195,Crosswords
9781788287944,1,195,Crosswords
9781785995224,1,195,Large Print Crosswords
9781785995224,1,195,Large Print Crosswords
9781788287944,1,195,Crosswords
9781785998775,1,195,Crosswords
9781785998768,1,195,Crosswords
9781788287951,1,195,Large Print Crosswords Easy To Read Puzzles
9781788287968,1,195,Crosswords
9781785995224,1,195,Large Print Crosswords
9780857260437,1,250,Lamb Says Boo
9781786708700,1,295,365 Days Of Brain Training
9781786708700,1,295,365 Days Of Brain Training
9781786708502,1,295,Bumper Sudoku Over 375 Puzzles
9781786708502,1,295,Bumper Sudoku Over 375 Puzzles
9780008183523,1,299,Horton And The Kwuggerbug And More Lost Stories
9780008288136,1,399,Did I Ever Tell You How Lucky You Are
9780007433087,1,250,My Oh My A Butterfly
9780008239978,1,399,I Wish That I Had Duck Feet
9780008239961,1,299,Wacky Wednesday
9780008240011,1,399,I Can Read With My Eyes Shut
9780007198566,1,225,Hunches In Bunches
9780008201494,1,299,One Fish Two Fish Red Fish Blue Fish
9780007242603,1,299,Eye Book
9780008240004,1,399,Mr Brown Can Moo Can You
9780008239985,1,299,There A Wocket In My Pocket
9780008203900,1,299,Hop On Pop
9780008271916,1,299,Foot Book
9780008240004,1,399,Mr Brown Can Moo Can You
9780008239992,1,399,Ten Apples Up On Top
9780008288105,1,250,Marvin K Mooney Will You Please Go Now
9780008240059,1,350,Sleep Book
9780008240059,1,350,Sleep Book
9780008288099,1,225,The Bippolo Seed And Other Lost Stories
9780008201524,1,299,How The Grinch Stole Christmas
9780007414161,1,299,Cat In The Hat
9780007460342,1,225,A Whale Of A Tale
9780008329600,1,299,Love From Dr Seuss
9780857808028,1,350,My First 123 (hb)
9780857807984,1,350,Hide And Seek On The Farm
9780857808028,1,350,My First 123 (hb)
9789386410658,1,125,Play Fair
9789386410580,1,125,Handle With Care
9789386410573,1,125,Do It Yourself
9789386410610,1,125,I Am Not Scared
9789385252297,1,125,Lost Camel
9789385252310,1,125,Honesty Is The Best Policy
9789385252327,1,125,Look Before You Leap
9789384119713,1,125,Goose That Laid Golden Eggs
9789353762292,1,125,Vishnu And Garuda The Eagle
9789353762292,1,125,Vishnu And Garuda The Eagle
9789353762322,1,125,Shiva And Nandi The Bull
9789353762322,1,125,Shiva And Nandi The Bull
9789353762285,1,125,Ganesha And Mooshika The Mouse
9789353762285,1,125,Ganesha And Mooshika The Mouse
9789353762278,1,125,Vishnu And Sheshnag The Serpent
9789353762278,1,125,Vishnu And Sheshnag The Serpent
9789353762308,1,125,Kartikeya And Paravani The Peacock
9789353762308,1,125,Kartikeya And Paravani The Peacock
9789385252778,1,99,Festivals Of The World Gurpurab
9789385252174,1,125,A Grand Swayamvara
9789385252167,1,125,Karnas Last Battle
9789352763597,1,125,City Of Indraprastha
9789352763580,1,125,Death Of Abhimanyu
9789385252150,1,125,A New Beginning
9789352763627,1,125,Living In Exile
9789386410757,1,125,Winged Archaeopteryx
9789386410801,1,125,Swift Velociraptor
9789386410207,1,125,Sun
9789386410177,1,125,Sky
9789386410153,1,125,Earth
9789386410191,1,125,Moon
9789386410191,1,125,Moon
9789386410177,1,125,Sky
9789386410207,1,125,Sun
9789385252846,1,99,Teacher
9789352762286,1,125,Death Of Ravana
9789352762279,1,125,Lakshmana In Injured
9789352763610,1,125,Battle At Kurukshetra
9789352763634,1,125,Palace Of Lac
9789386410634,1,125,Never Give Up
9789386410672,1,125,What A Team
9789386410603,1,125,How Kind
9789386410641,1,125,Oh Thats Rude
9789385252815,1,99,Doctor
9789385252853,1,99,Artist
9789385252884,1,99,Writer
9789386410535,1,99,Architect
9789385252822,1,99,Chef
9789386410351,1,125,Life Connect Caught In A Conflict
9789386410351,1,125,Life Connect Caught In A Conflict
9789386410344,1,125,Life Connect Mom And Dad Are Not Friends Anymore
9789386410344,1,125,Life Connect Mom And Dad Are Not Friends Anymore
9789386410337,1,125,Life Connect Coping With Loss And Grief
9789386410337,1,125,Life Connect Coping With Loss And Grief
9789386410689,1,125,When In Doubt Tell The Truth
9789385252921,1,125,Fisherman And The Genie
9789386410764,1,125,Crested Dilophosaurus
9789385252945,1,125,Ruined Man Who Becaem Rich
9789385252914,1,125,Enchanted Horse
9789386410290,1,125,Global Warming
9789386410252,1,125,Earth Our Big Home
9789386410252,1,125,Earth Our Big Home
9789386410269,1,125,3rs Reduce Reuse Recycle
9789386410269,1,125,3rs Reduce Reuse Recycle
9789386410306,1,125,Endangered Species
9789386410306,1,125,Endangered Species
9789352762057,1,125,Environment Encyclopedia Climate Change (go Green)
9789352762057,1,125,Environment Encyclopedia Climate Change (go Green)
9789352762064,1,125,Air Water And Noise Pollution
9789352762064,1,125,Air Water And Noise Pollution
9789386410276,1,125,Network Of Life
9789386410160,1,125,Planets
9789386410160,1,125,Planets
9789386410184,1,125,Stars
9789386410184,1,125,Stars
9789386410757,1,125,Winged Archaeopteryx
9789385252754,1,125,Festivals Of The World Diwali
9789385252747,1,125,Festivals Of The World Holi
9789385252792,1,125,Festivals Of The World Dussehra
9789385252792,1,125,Festivals Of The World Dussehra
9789385252785,1,125,Festivals Of The World Christmas
9781780554402,9,499,The Kids Book Of Wordsearches 1
9789385031762,1,695,Treasury Of Good Manners
9789384625849,1,595,Jataka Tales
9789385252495,1,125,Breaking Of The Bow
9789352763955,1,150,Tales In Rhyme Aladdin And The Magic Lamp
9789352763917,1,150,Tales In Rhyme Snow White And The Seven Dwarfs
9789352763948,1,150,Tales In Rhyme Beauty And The Beast
9789352763900,1,150,Tales In Rhyme Cinderella
9780709720867,2,250,My Little Book Of Stories For Boys
9789352760398,1,695,Jumbo Smart Scholars Grade 1 Workbook
9789352766697,1,395,Colour My World
9789352766406,1,595,My Big Book Of Fun Activities Elementary
9789352766390,1,695,My Big Book Of Fun Activities
9789352766420,1,595,My Big Book Of Fun Activities
9789381607015,1,595,Big Kindergarten
9789352766727,1,395,My First Colouring Book
9789352760411,1,695,Jumbo Smart Scholars Grade 3 Workbook
9789352766383,1,695,My Activity Book Of Maths Addition Subtraction Multiplicatin
9789352766413,1,595,My Big Book Of Fun Activities
9789352766376,1,595,My Activity Book Of English Spelling Reading Writing Grammar
9789381607039,1,595,Big First Grade Workbook
9789381607046,1,695,Big Preschool Activity
9789385273704,1,595,My First Book Of Learning
9789352760428,1,695,Jumbo Smart Scholars Kindergarten Workbook
9788181334282,1,50,Lord Ganesha
9788131003640,1,50,Lord Parashurama
9788131001592,1,60,Goswami Tulsidas
9788131012444,1,60,King Vikramaditya
9788131001486,1,50,Guru Govind Singh
9788131011782,1,60,Swami Dayanand Saraswati
9788131001622,1,60,Devarshi Narada
9788131004753,1,60,Eklavya
9788131000106,1,50,Maa Saraswati
9788131003619,1,50,Draupadi
9788131011287,1,50,Emperor Chandragupta Maurya
9788131012475,1,60,Mahasati Sita
9788131001844,1,60,Satyawadi Raja Harischandra
9788181333858,1,60,Shiv Parvati
9788131003626,1,60,Droupadi(hindi)
9788181333810,1,60,Shri Vishnu
9788131011256,1,60,Sant Gayaneshwer
9788131001547,1,50,Shakuntla
9788131001356,1,50,Maa Laxmi
9788181333834,1,50,Veer Hanuman
9788181333810,1,60,Shri Vishnu
9788131012499,1,50,Veer Ghatotkach
9788131012451,1,60,Raj Janak
9788131003602,1,50,Mahabali Bheem
9788131001196,1,60,Shirdi Sai Baba Ke Chamatkar
9788131001820,1,60,Swami Vivekanand
9788181333902,1,60,Netaji Subhash Chandra Bosh
9788131001608,1,80,Goswami Tulsidas
9788181333872,1,50,Shri Ganesh
9788131009642,1,50,Prithviraj Chouhan
9788131004746,1,60,Eklavya
9788131001523,1,50,Veer Abhimanyu
9788131010334,1,60,Mahaaraja Agrasen
9788131001196,1,60,Shirdi Sai Baba Ke Chamatkar
9788181333810,1,60,Shri Vishnu
9788131003633,1,50,Bhagwan Parshuram
9788181333599,1,50,Maa Durga
9788181333919,1,60,Chandrashekher Azad
9788131011744,1,60,Dronacharya
9788131003664,1,80,Maharshi Valmiki
9789393701473,2,550,Limca Book Of Records 2023
9789352764587,1,125,Great Scientists Cv Raman
9789352764563,1,125,Great Scientists Galileo Galilei
9789352764570,1,125,Great Scientists Isaac Newton
9789352764600,1,125,Great Scientists Charles Darwin
9789352764563,1,125,Great Scientists Galileo Galilei
9789352764587,1,125,Great Scientists Cv Raman
9789352764556,1,125,Great Scientists Albert Einstein
9789352764600,1,125,Great Scientists Charles Darwin
9789352764594,1,125,Great Scientists Marie Curie
9789386410429,1,135,Its Me A Lion
9789380070667,1,395,Udaan 714 Sydney Ki Aur (hindi)
9789380070612,1,395,Explorers On The Moon (hindi)
9789380070674,1,395,Tintin Aur Pikaro (hindi)
9789380070414,1,395,Totta Tara (hindi)
9789352767113,1,495,Asterix Talwarbaz (hindi)
9789384625702,1,495,Astricks
9789353764289,1,395,Asterix Asterix Ki Gaul Yatra Hindi
9789352763849,1,495,Asterix Aur Gawthwasi Hindi
9789380069456,1,395,Tintin And The Broken Ear (hindi)
9789380069463,1,395,Tintin The Crab With The Golden Claws (hindi)
9789380070650,1,395,Kaistafyaur Ka Panna (hindi)
9789380070698,1,395,Land Black Gold (hindi) (hb)
9789380070605,1,395,Destination Moon (hindi)
9789352762866,1,495,Asterix Sone Ki Darati Hindi
9789380069432,1,495,Tintin The Scepterof Ottokar (hindi)
9788187108894,1,395,Tintin In America (hindi)
9789380070599,1,395,Prisoners Of The Sun (hindi) (hb)
9789380070629,1,395,Professor Ka Aparahan (hindi)
9789380069449,1,395,Tintin The Black Island (hb)
9789380070421,1,395,Unicorn Ka Rahesya (hindi)
9789380070636,1,395,The Red Sea Sharks (hindi) (hb)
9789380070568,1,395,Red Rekham's Treasure (hindi)
9788187108733,1,395,Tintin Mishra Samrat Ke Siger (hb)
9788187108900,1,395,Tintin In Congo (hb)
9788187108887,1,395,Tintin The Blue Lotus (hindi)
9781405294577,1,18999,Tintin Paperback Boxed Set 23 Titles
9781405294577,1,18999,Tintin Paperback Boxed Set 23 Titles
9789386410412,1,135,Its Me A Penguin
9789386410481,1,135,Its Me A Giraffe
9789386410405,1,135,Its Me A Monkey
9789386410450,1,135,Its Me A Dog
9789386410504,1,135,Its Me A Pig
9789386410467,1,135,Its Me An Elephant
9789386410399,1,135,Its Me A Bear
9789386410375,1,135,Its Me A Owl
9789386410474,1,135,Its Me A Fish
9789386410436,1,135,Its Me A Cat
9789386410498,1,135,Its Me A Horse
9789386410528,1,135,Its Me A Snake
9789386410382,1,135,Its Me A Frog
9789386410511,1,135,Its Me A Rabbit
9789384119997,1,125,Musical Donkey
9789353764463,1,125,Geet Gaane Wala Gadha
9789384119980,1,125,Bird With Two Heads
9789384119973,1,99,Foolish Sage
9789384225018,1,99,Priests Dream
9789353764449,1,125,Bandar Aur Magarmach
9789384119997,1,125,Musical Donkey
9789384119973,1,99,Foolish Sage
9789384119980,1,125,Bird With Two Heads
9789384225001,1,125,Tale Of The Three Fish
9789384225001,1,125,Tale Of The Three Fish
9789381607541,1,135,Sleeping Beauty
9789381607541,1,135,Sleeping Beauty
9789381607558,1,135,Cinderella
9789384225018,1,99,Priests Dream
9789353764487,1,125,Pujari Ka Sapna
9789391258290,1,125,A Handsome Young Man
9789391258894,1,125,Daud And Jalut
9789385252457,1,125,Subba Sastry And Sugar
9789385252440,1,125,Tenali Raman And The Three Dolls
9789385252440,1,125,Tenali Raman And The Three Dolls
9789385252457,1,125,Subba Sastry And Sugar
9789385252471,1,125,The Story Of Tenali Raman And The Cat
9789385252426,1,125,The Horse Trader
9789385252426,1,125,The Horse Trader
9789385252433,1,125,Ramalingas Prostrate Adoration To Donkeys
9789385252433,1,125,Ramalingas Prostrate Adoration To Donkeys
9789385252464,1,125,The Kings Condition
9789385252464,1,125,The Kings Condition
9789385252471,1,125,The Story Of Tenali Raman And The Cat
9789382607960,1,125,Fantastic Folktales The Fast That Never Happened
9789381607534,1,135,Snow White And The Seven Drawfs
9781408331620,1,399,Side By Side
9789391258962,1,125,Ayub Gets His Riches Back
9789391258979,1,125,Honesty In Business
9789392834059,1,125,Ibrahims Sacrifice
9789392834059,1,125,Ibrahims Sacrifice
9789391258894,1,125,Daud And Jalut
9789353764456,1,125,Do Sir Wala Pakshi
9789353764470,1,125,Moorkh Sadhu
9789381607565,1,135,Pinocchio
9789381607558,1,135,Cinderella
9789381607862,1,135,Magic Porridge Pot
9789381607862,1,135,Magic Porridge Pot
9789381607527,1,135,Hansel And Gretel
9789381607565,1,135,Pinocchio
9789381607527,1,135,Hansel And Gretel
9789381607534,1,135,Snow White And The Seven Drawfs
9789353762315,1,125,Indra And Airavat The Elephant
9789385252242,1,125,Fox And The Crow
9789385252228,1,125,Bundle Of Stick
9789385252228,1,125,Bundle Of Stick
9789385252235,1,125,North Wind And Sun
9789385252235,1,125,North Wind And Sun
9789385252242,1,125,Fox And The Crow
9789385252211,1,125,Lion And The Mouse
9789385252211,1,125,Lion And The Mouse
9789385252259,1,125,Belling The Cat
9789385252259,1,125,Belling The Cat
9789385252266,1,125,Two Travellers And A Bear
9789385252266,1,125,Two Travellers And A Bear
9789384119720,1,125,Silkworm And The Spider
9789381607909,1,125,Hare And The Tortoise
9789385031786,1,125,Help Other
9789385031823,1,125,Be Kind And Polite
9789385031809,1,125,Say Please And Thank You
9789385031809,1,125,Say Please And Thank You
9789385031786,1,125,Help Other
9789385031779,1,125,Be A Good Friend
9789385031779,1,125,Be A Good Friend
9789385031793,1,125,Keep Your City Clean
9789385031793,1,125,Keep Your City Clean
9789385031823,1,125,Be Kind And Polite
9789385031816,1,125,Wash Hands Before Meals
9789385031816,1,125,Wash Hands Before Meals
9789352762255,1,125,Battle Begins
9789385252938,1,125,Sindbad The Sailor
9789382607977,1,125,Salt In The Sea Norwegian Folktale
9789382607953,1,125,Fantastic Folktales The Tailor At The Haunted Church
9789382607953,1,125,Fantastic Folktales The Tailor At The Haunted Church
9789385252907,1,125,Alibaba And The Forty Thieves
9789381607879,1,125,Boy Who Cried Wolf
9789382607939,1,125,Fantastic Folktales The Horn That Could Hear
9789382607939,1,125,Fantastic Folktales The Horn That Could Hear
9789382607977,1,125,Salt In The Sea Norwegian Folktale
9789382607984,1,125,Prince And The Dove Spanish Folktale
9789382607984,1,125,Prince And The Dove Spanish Folktale
9789382607960,1,125,Fantastic Folktales The Fast That Never Happened
9789382607946,1,125,Magic Paintbrush Chinese Folktale
9789382607946,1,125,Magic Paintbrush Chinese Folktale
9789385252181,1,125,Game Of Dice
9789385252143,1,125,Bhishmas Vow
9789352762262,1,125,Battle With Kumbhakarna
9789385252518,1,125,Rama Meets The Monkey King Sugreeva
9789352762293,1,125,Rama Returns To Ayodhya
9789833371372,1,110,Swiss Family Robinson
9789833371334,1,110,Heidi
9789833371372,1,110,Swiss Family Robinson
9788184991154,1,75,Heidi
9789350495797,1,75,Measure For Measure
9781844229413,1,95,Spot's New Game
9788184972030,1,55,Grandfather
9789833371372,1,110,Swiss Family Robinson
9789833371372,1,110,Swiss Family Robinson
9789833371372,1,110,Swiss Family Robinson
9789833536849,1,55,Hansel And Gretl
9789833536870,1,55,Peter And The Wolf
9789833536863,1,55,The Wizrd Ofoz
9789833536863,1,55,The Wizrd Ofoz
9789833536863,1,55,The Wizrd Ofoz
9789833536894,1,55,The Happy Prince
9789833536894,1,55,The Happy Prince
9789833536894,1,55,The Happy Prince
9789833536894,1,55,The Happy Prince
9789831482131,1,55,The Boy Who Cried Wolf
9789833536894,1,55,The Happy Prince
9789833536849,1,55,Hansel And Gretl
9789833536870,1,55,Peter And The Wolf
9789833536900,1,55,The Wolf And The Seven Little Kids
9789833536887,1,55,The Adventures Of Sindbad
9789831912140,1,55,The Goose That Laid Golden Eggs
9789831482124,1,55,The Hare And The Tortoise
9789831912133,1,55,The Grasshpper And The Ants
9789831482148,1,55,The Milkmaid
9789831912133,1,55,The Grasshpper And The Ants
9789831912133,1,55,The Grasshpper And The Ants
9789831912133,1,55,The Grasshpper And The Ants
9789831912133,1,55,The Grasshpper And The Ants
9789831912133,1,55,The Grasshpper And The Ants
9789831912133,1,55,The Grasshpper And The Ants
9789831482148,1,55,The Milkmaid
9789831482148,1,55,The Milkmaid
9789831482148,1,55,The Milkmaid
9789831482148,1,55,The Milkmaid
9789831482148,1,55,The Milkmaid
9789831912140,1,55,The Goose That Laid Golden Eggs
9789831912140,1,55,The Goose That Laid Golden Eggs
9789831912140,1,55,The Goose That Laid Golden Eggs
9789831482124,1,55,The Hare And The Tortoise
9789831912133,1,55,The Grasshpper And The Ants
9789831912133,1,55,The Grasshpper And The Ants
9789831482131,1,55,The Boy Who Cried Wolf
9789833536863,1,55,The Wizrd Ofoz
9788184991178,1,75,Kidnapped
9788184991130,1,75,Great Expectations
9789831912140,1,55,The Goose That Laid Golden Eggs
8904110263800,1,60,Puss In The Boots
9781603464154,1,65,Miracles Of Jesus
9788124333686,1,65,Aani And Our Continents
9788179639726,1,60,Mazarin Stone
9781849583916,1,80,Jack's Hair
9780857260406,1,250,Dazzle Duckling
9788179639863,1,60,Yellow Face
9788179639603,1,60,Beryl Coronet
9788179639818,1,60,Gloria Scott
9788179639931,1,60,Six Napoleons
9788179639924,1,60,Second Stain
9788179639917,1,60,Missing Three Quarter
9788179639757,1,60,Three Gables
9788179639870,1,60,Abbey Grange
9788179639634,1,60,Copper Beeches
9788179639672,1,60,Noble Bachelor
9788179639917,1,60,Missing Three Quarter
9788179639733,1,60,Retired Colourman
9788179639764,1,60,Three Garridebs
9788179639955,1,60,Three Student
9788179639825,1,60,Greek Interpreter
9788179639689,1,60,Speckled Band
9788179639672,1,60,Noble Bachelor
9788179639641,1,60,Engineer's Thumb
9781405244923,1,295,Puzzles And Quiz Book
9781405241656,5,295,And Then There Were 10 The Krakken
9781405248006,3,295,Gauntlet Be Kinighted
9781405247993,5,295,"Ben 10 Returns Part 1 , Part 2"
9781837951307,1,699,Marvel Spidey And His Amazing Friends Team Spidey Does It All! (comic Book)
9781837951307,1,699,Marvel Spidey And His Amazing Friends Team Spidey Does It All! (comic Book)
9781837951307,1,699,Marvel Spidey And His Amazing Friends Team Spidey Does It All! (comic Book)
9781837951307,1,699,Marvel Spidey And His Amazing Friends Team Spidey Does It All! (comic Book)
9781837951307,1,699,Marvel Spidey And His Amazing Friends Team Spidey Does It All! (comic Book)
9781837951307,1,699,Marvel Spidey And His Amazing Friends Team Spidey Does It All! (comic Book)
9781837951307,1,699,Marvel Spidey And His Amazing Friends Team Spidey Does It All! (comic Book)
9781837951307,1,699,Marvel Spidey And His Amazing Friends Team Spidey Does It All! (comic Book)
9781837951307,1,699,Marvel Spidey And His Amazing Friends Team Spidey Does It All! (comic Book)
9781837951307,1,699,Marvel Spidey And His Amazing Friends Team Spidey Does It All! (comic Book)
9781837951307,1,699,Marvel Spidey And His Amazing Friends Team Spidey Does It All! (comic Book)
9781837951307,1,699,Marvel Spidey And His Amazing Friends Team Spidey Does It All! (comic Book)
9781837951307,1,699,Marvel Spidey And His Amazing Friends Team Spidey Does It All! (comic Book)
9780143331575,1,450,History Of The World Vol 1
9781838576165,14,325,Did Cavemen Brush Their Teeth? Questions And Answers About Gross Stuff (big Ideas! Book 1)
9789392130816,1,750,Childrens Sri Sai Baba
9780618432332,1,399,Traveling Man
9789347125263,1,150,Adha Maane Kya
9789347125454,1,150,Door Ka Chhota
9789347125119,1,150,Mehandi Masti
9789347125522,1,150,Shukriya Calender
9789350469194,1,175,I Will Save My Land Hindi
9789380536491,1,150,Bapu Ka Atiyashik Mukdma
9789380536491,1,150,Bapu Ka Atiyashik Mukdma
9789380536491,1,150,Bapu Ka Atiyashik Mukdma
9789362142122,1,249,My First Pop Up Fairy Tales Rapunzel
9789362148919,1,249,My First Pop Up Fairy Tales Valiant Little Tailor
9789362147080,1,249,My First Pop Up Fairy Tales Thumbelina
9788196043636,1,395,The Famous Tales Of Tenali Rama Story Book For Kids Story Book For Tenali Rama
9789363952836,1,395,Sikh Gurus The Life And Times Of The Ten Sikh Gurus
9789353765569,1,395,Best Of Akbar Birbal
9789353765545,1,295,101 Questions And Answers
9781913519018,1,1599,What Did The Tree See?
9781684127412,1,899,Count To 10 With A Mouse (margaret Wise Brown Classics)
9781419725593,1,1599,Ruth Bader Ginsburg The Case Of R.b.g. Vs. Inequality
9780500652961,1,1250,If I Had A Vampire Bat 6
9781406367355,1,1299,Time Now To Dream
9780547014944,1,699,Red Sings From Treetops
9781605373652,1,999,Just The Right Size
9780525581796,1,799,The Sad Little Fact
9780399237492,1,999,Show Way
9780008616847,1,899,Thomas & Friends Annual 2025
9788195254422,1,599,The Party And Other Comics
9789388384810,1,599,Sleep Well And Other Comics
9781616899370,1,1599,"Where The World Ends A Zip, Trik, And Flip Adventure"
9781406380262,1,595,"Cant You Sleep, Little Bear?"
9781529504675,1,699,A Busy Day For Birds
9781419700309,1,999,Tilly The Trickster
9789353765934,1,295,101 Fairy Tales For Children Colourful Illustrated Story Book
9780143333166,8,275,Magic Of The Lost Temple
9789353575885,15,350,Gopi Diaries Coming Home (hb)
9780143333623,9,275,Grandmas Bag Of Stories
9789356295506,15,399,The Gopi Diaries Growing Up
9789390351619,15,350,Gopi Diaries Finding Love (hb)
9780143333630,9,275,Magic Drum And Other Favourite Stories
9780143479802,49,299,The Magic Of The Lost Earrings
9789362135049,15,399,The Gopis Day Out!
9789948751458,1,1499,Kiddale Masti Bhare Panchatantra Kisse
9788198523907,1,1499,Kiddale Sing And Learn Good Habits
9788198484864,1,1499,Kiddale My Little Krishna
9788198484871,1,1499,Kiddale Sing Along Rhymes
9789948786993,1,1199,Kiddale Jingle In The Jungle
9788198484802,1,1499,Kiddale My First Ramayana
9788198484826,1,1499,Kiddale (hindi)
9788198523976,1,1499,"Kiddale My Festivals, My Songs"
9350375011158,10,2399,Construct-it Buildables 2-in-1 Forestry Vehicles Set
9350375011134,11,2399,Buildables 2-in-1 Fire Rescue Set - 38 Pieces Fire Rescue Vehicle Construction Set